record_id_a,record_id_b,match_score,decision
A00000,B00000,1.0,HIGH_CONFIDENCE_MATCH
A00001,B00001,1.0,HIGH_CONFIDENCE_MATCH
A00002,B00002,1.0,HIGH_CONFIDENCE_MATCH
A00003,B00003,1.0,HIGH_CONFIDENCE_MATCH
A00004,B00004,1.0,HIGH_CONFIDENCE_MATCH
A00005,B00005,1.0,HIGH_CONFIDENCE_MATCH
A00006,B00006,1.0,HIGH_CONFIDENCE_MATCH
A00007,B00007,1.0,HIGH_CONFIDENCE_MATCH
A00008,B00008,1.0,HIGH_CONFIDENCE_MATCH
A00009,B00009,1.0,HIGH_CONFIDENCE_MATCH
A00010,B00010,1.0,HIGH_CONFIDENCE_MATCH
A00011,B00011,1.0,HIGH_CONFIDENCE_MATCH
A00012,B00012,1.0,HIGH_CONFIDENCE_MATCH
A00013,B00013,1.0,HIGH_CONFIDENCE_MATCH
A00014,B00014,1.0,HIGH_CONFIDENCE_MATCH
A00015,B00015,1.0,HIGH_CONFIDENCE_MATCH
A00016,B00016,1.0,HIGH_CONFIDENCE_MATCH
A00017,B00017,1.0,HIGH_CONFIDENCE_MATCH
A00018,B00018,1.0,HIGH_CONFIDENCE_MATCH
A00019,B00019,1.0,HIGH_CONFIDENCE_MATCH
A00020,B00020,1.0,HIGH_CONFIDENCE_MATCH
A00021,B00021,1.0,HIGH_CONFIDENCE_MATCH
A00022,B00022,1.0,HIGH_CONFIDENCE_MATCH
A00023,B00023,1.0,HIGH_CONFIDENCE_MATCH
A00024,B00024,1.0,HIGH_CONFIDENCE_MATCH
A00025,B00025,1.0,HIGH_CONFIDENCE_MATCH
A00026,B00026,1.0,HIGH_CONFIDENCE_MATCH
A00027,B00027,1.0,HIGH_CONFIDENCE_MATCH
A00028,B00028,1.0,HIGH_CONFIDENCE_MATCH
A00029,B00029,1.0,HIGH_CONFIDENCE_MATCH
A00030,B00030,1.0,HIGH_CONFIDENCE_MATCH
A00031,B00031,1.0,HIGH_CONFIDENCE_MATCH
A00032,B00032,1.0,HIGH_CONFIDENCE_MATCH
A00033,B00033,1.0,HIGH_CONFIDENCE_MATCH
A00034,B00034,1.0,HIGH_CONFIDENCE_MATCH
A00035,B00035,1.0,HIGH_CONFIDENCE_MATCH
A00036,B00036,1.0,HIGH_CONFIDENCE_MATCH
A00037,B00037,1.0,HIGH_CONFIDENCE_MATCH
A00038,B00038,1.0,HIGH_CONFIDENCE_MATCH
A00039,B00039,1.0,HIGH_CONFIDENCE_MATCH
A00040,B00040,1.0,HIGH_CONFIDENCE_MATCH
A00041,B00041,1.0,HIGH_CONFIDENCE_MATCH
A00042,B00042,1.0,HIGH_CONFIDENCE_MATCH
A00043,B00043,1.0,HIGH_CONFIDENCE_MATCH
A00044,B00044,1.0,HIGH_CONFIDENCE_MATCH
A00045,B00045,1.0,HIGH_CONFIDENCE_MATCH
A00046,B00046,1.0,HIGH_CONFIDENCE_MATCH
A00047,B00047,1.0,HIGH_CONFIDENCE_MATCH
A00048,B00048,1.0,HIGH_CONFIDENCE_MATCH
A00049,B00049,1.0,HIGH_CONFIDENCE_MATCH
A00050,B00050,1.0,HIGH_CONFIDENCE_MATCH
A00051,B00051,1.0,HIGH_CONFIDENCE_MATCH
A00052,B00052,1.0,HIGH_CONFIDENCE_MATCH
A00053,B00053,1.0,HIGH_CONFIDENCE_MATCH
A00054,B00054,1.0,HIGH_CONFIDENCE_MATCH
A00055,B00055,1.0,HIGH_CONFIDENCE_MATCH
A00056,B00056,1.0,HIGH_CONFIDENCE_MATCH
A00057,B00057,1.0,HIGH_CONFIDENCE_MATCH
A00058,B00058,1.0,HIGH_CONFIDENCE_MATCH
A00059,B00059,1.0,HIGH_CONFIDENCE_MATCH
A00060,B00060,1.0,HIGH_CONFIDENCE_MATCH
A00061,B00061,1.0,HIGH_CONFIDENCE_MATCH
A00062,B00062,1.0,HIGH_CONFIDENCE_MATCH
A00063,B00063,1.0,HIGH_CONFIDENCE_MATCH
A00064,B00064,1.0,HIGH_CONFIDENCE_MATCH
A00065,B00065,1.0,HIGH_CONFIDENCE_MATCH
A00066,B00066,1.0,HIGH_CONFIDENCE_MATCH
A00067,B00067,1.0,HIGH_CONFIDENCE_MATCH
A00068,B00068,1.0,HIGH_CONFIDENCE_MATCH
A00069,B00069,1.0,HIGH_CONFIDENCE_MATCH
A00070,B00070,1.0,HIGH_CONFIDENCE_MATCH
A00071,B00071,1.0,HIGH_CONFIDENCE_MATCH
A00072,B00072,1.0,HIGH_CONFIDENCE_MATCH
A00073,B00073,1.0,HIGH_CONFIDENCE_MATCH
A00074,B00074,1.0,HIGH_CONFIDENCE_MATCH
A00075,B00075,1.0,HIGH_CONFIDENCE_MATCH
A00076,B00076,1.0,HIGH_CONFIDENCE_MATCH
A00077,B00077,1.0,HIGH_CONFIDENCE_MATCH
A00078,B00078,1.0,HIGH_CONFIDENCE_MATCH
A00079,B00079,1.0,HIGH_CONFIDENCE_MATCH
A00080,B00080,1.0,HIGH_CONFIDENCE_MATCH
A00081,B00081,1.0,HIGH_CONFIDENCE_MATCH
A00082,B00082,1.0,HIGH_CONFIDENCE_MATCH
A00083,B00083,1.0,HIGH_CONFIDENCE_MATCH
A00084,B00084,1.0,HIGH_CONFIDENCE_MATCH
A00085,B00085,1.0,HIGH_CONFIDENCE_MATCH
A00086,B00086,1.0,HIGH_CONFIDENCE_MATCH
A00087,B00087,1.0,HIGH_CONFIDENCE_MATCH
A00088,B00088,1.0,HIGH_CONFIDENCE_MATCH
A00089,B00089,1.0,HIGH_CONFIDENCE_MATCH
A00090,B00090,1.0,HIGH_CONFIDENCE_MATCH
A00091,B00091,1.0,HIGH_CONFIDENCE_MATCH
A00092,B00092,1.0,HIGH_CONFIDENCE_MATCH
A00093,B00093,1.0,HIGH_CONFIDENCE_MATCH
A00094,B00094,1.0,HIGH_CONFIDENCE_MATCH
A00095,B00095,1.0,HIGH_CONFIDENCE_MATCH
A00096,B00096,1.0,HIGH_CONFIDENCE_MATCH
A00097,B00097,1.0,HIGH_CONFIDENCE_MATCH
A00098,B00098,1.0,HIGH_CONFIDENCE_MATCH
A00099,B00099,1.0,HIGH_CONFIDENCE_MATCH
A00100,B00100,1.0,HIGH_CONFIDENCE_MATCH
A00101,B00101,1.0,HIGH_CONFIDENCE_MATCH
A00102,B00102,1.0,HIGH_CONFIDENCE_MATCH
A00103,B00103,1.0,HIGH_CONFIDENCE_MATCH
A00104,B00104,1.0,HIGH_CONFIDENCE_MATCH
A00105,B00105,1.0,HIGH_CONFIDENCE_MATCH
A00106,B00106,1.0,HIGH_CONFIDENCE_MATCH
A00107,B00107,1.0,HIGH_CONFIDENCE_MATCH
A00108,B00108,1.0,HIGH_CONFIDENCE_MATCH
A00109,B00109,1.0,HIGH_CONFIDENCE_MATCH
A00110,B00110,1.0,HIGH_CONFIDENCE_MATCH
A00111,B00111,1.0,HIGH_CONFIDENCE_MATCH
A00112,B00112,1.0,HIGH_CONFIDENCE_MATCH
A00113,B00113,1.0,HIGH_CONFIDENCE_MATCH
A00114,B00114,1.0,HIGH_CONFIDENCE_MATCH
A00115,B00115,1.0,HIGH_CONFIDENCE_MATCH
A00116,B00116,1.0,HIGH_CONFIDENCE_MATCH
A00117,B00117,1.0,HIGH_CONFIDENCE_MATCH
A00118,B00118,1.0,HIGH_CONFIDENCE_MATCH
A00119,B00119,1.0,HIGH_CONFIDENCE_MATCH
A00120,B00120,1.0,HIGH_CONFIDENCE_MATCH
A00121,B00121,1.0,HIGH_CONFIDENCE_MATCH
A00122,B00122,1.0,HIGH_CONFIDENCE_MATCH
A00123,B00123,1.0,HIGH_CONFIDENCE_MATCH
A00124,B00124,1.0,HIGH_CONFIDENCE_MATCH
A00125,B00125,1.0,HIGH_CONFIDENCE_MATCH
A00126,B00126,1.0,HIGH_CONFIDENCE_MATCH
A00127,B00127,1.0,HIGH_CONFIDENCE_MATCH
A00128,B00128,1.0,HIGH_CONFIDENCE_MATCH
A00129,B00129,1.0,HIGH_CONFIDENCE_MATCH
A00130,B00130,1.0,HIGH_CONFIDENCE_MATCH
A00131,B00131,1.0,HIGH_CONFIDENCE_MATCH
A00132,B00132,1.0,HIGH_CONFIDENCE_MATCH
A00133,B00133,1.0,HIGH_CONFIDENCE_MATCH
A00134,B00134,1.0,HIGH_CONFIDENCE_MATCH
A00135,B00135,1.0,HIGH_CONFIDENCE_MATCH
A00136,B00136,1.0,HIGH_CONFIDENCE_MATCH
A00137,B00137,1.0,HIGH_CONFIDENCE_MATCH
A00138,B00138,1.0,HIGH_CONFIDENCE_MATCH
A00139,B00139,1.0,HIGH_CONFIDENCE_MATCH
A00140,B00140,1.0,HIGH_CONFIDENCE_MATCH
A00141,B00141,1.0,HIGH_CONFIDENCE_MATCH
A00142,B00142,1.0,HIGH_CONFIDENCE_MATCH
A00143,B00143,1.0,HIGH_CONFIDENCE_MATCH
A00144,B00144,1.0,HIGH_CONFIDENCE_MATCH
A00145,B00145,1.0,HIGH_CONFIDENCE_MATCH
A00146,B00146,1.0,HIGH_CONFIDENCE_MATCH
A00147,B00147,1.0,HIGH_CONFIDENCE_MATCH
A00148,B00148,1.0,HIGH_CONFIDENCE_MATCH
A00149,B00149,1.0,HIGH_CONFIDENCE_MATCH
A00150,B00150,1.0,HIGH_CONFIDENCE_MATCH
A00151,B00151,1.0,HIGH_CONFIDENCE_MATCH
A00152,B00152,1.0,HIGH_CONFIDENCE_MATCH
A00153,B00153,1.0,HIGH_CONFIDENCE_MATCH
A00154,B00154,1.0,HIGH_CONFIDENCE_MATCH
A00155,B00155,1.0,HIGH_CONFIDENCE_MATCH
A00156,B00156,1.0,HIGH_CONFIDENCE_MATCH
A00157,B00157,1.0,HIGH_CONFIDENCE_MATCH
A00158,B00158,1.0,HIGH_CONFIDENCE_MATCH
A00159,B00159,1.0,HIGH_CONFIDENCE_MATCH
A00160,B00160,1.0,HIGH_CONFIDENCE_MATCH
A00161,B00161,1.0,HIGH_CONFIDENCE_MATCH
A00162,B00162,1.0,HIGH_CONFIDENCE_MATCH
A00163,B00163,1.0,HIGH_CONFIDENCE_MATCH
A00164,B00164,1.0,HIGH_CONFIDENCE_MATCH
A00165,B00165,1.0,HIGH_CONFIDENCE_MATCH
A00166,B00166,1.0,HIGH_CONFIDENCE_MATCH
A00167,B00167,1.0,HIGH_CONFIDENCE_MATCH
A00168,B00168,1.0,HIGH_CONFIDENCE_MATCH
A00169,B00169,1.0,HIGH_CONFIDENCE_MATCH
A00170,B00170,1.0,HIGH_CONFIDENCE_MATCH
A00171,B00171,1.0,HIGH_CONFIDENCE_MATCH
A00172,B00172,1.0,HIGH_CONFIDENCE_MATCH
A00173,B00173,1.0,HIGH_CONFIDENCE_MATCH
A00174,B00174,1.0,HIGH_CONFIDENCE_MATCH
A00175,B00175,1.0,HIGH_CONFIDENCE_MATCH
A00176,B00176,1.0,HIGH_CONFIDENCE_MATCH
A00177,B00177,1.0,HIGH_CONFIDENCE_MATCH
A00178,B00178,1.0,HIGH_CONFIDENCE_MATCH
A00179,B00179,1.0,HIGH_CONFIDENCE_MATCH
A00180,B00180,1.0,HIGH_CONFIDENCE_MATCH
A00181,B00181,1.0,HIGH_CONFIDENCE_MATCH
A00182,B00182,1.0,HIGH_CONFIDENCE_MATCH
A00183,B00183,1.0,HIGH_CONFIDENCE_MATCH
A00184,B00184,1.0,HIGH_CONFIDENCE_MATCH
A00185,B00185,1.0,HIGH_CONFIDENCE_MATCH
A00186,B00186,1.0,HIGH_CONFIDENCE_MATCH
A00187,B00187,1.0,HIGH_CONFIDENCE_MATCH
A00188,B00188,1.0,HIGH_CONFIDENCE_MATCH
A00189,B00189,1.0,HIGH_CONFIDENCE_MATCH
A00190,B00190,1.0,HIGH_CONFIDENCE_MATCH
A00191,B00191,1.0,HIGH_CONFIDENCE_MATCH
A00192,B00192,1.0,HIGH_CONFIDENCE_MATCH
A00193,B00193,1.0,HIGH_CONFIDENCE_MATCH
A00194,B00194,1.0,HIGH_CONFIDENCE_MATCH
A00195,B00195,1.0,HIGH_CONFIDENCE_MATCH
A00196,B00196,1.0,HIGH_CONFIDENCE_MATCH
A00197,B00197,1.0,HIGH_CONFIDENCE_MATCH
A00198,B00198,1.0,HIGH_CONFIDENCE_MATCH
A00199,B00199,1.0,HIGH_CONFIDENCE_MATCH
A00200,B00200,1.0,HIGH_CONFIDENCE_MATCH
A00201,B00201,1.0,HIGH_CONFIDENCE_MATCH
A00202,B00202,1.0,HIGH_CONFIDENCE_MATCH
A00203,B00203,1.0,HIGH_CONFIDENCE_MATCH
A00204,B00204,1.0,HIGH_CONFIDENCE_MATCH
A00205,B00205,1.0,HIGH_CONFIDENCE_MATCH
A00206,B00206,1.0,HIGH_CONFIDENCE_MATCH
A00207,B00207,1.0,HIGH_CONFIDENCE_MATCH
A00208,B00208,1.0,HIGH_CONFIDENCE_MATCH
A00209,B00209,1.0,HIGH_CONFIDENCE_MATCH
A00210,B00210,1.0,HIGH_CONFIDENCE_MATCH
A00211,B00211,1.0,HIGH_CONFIDENCE_MATCH
A00212,B00212,1.0,HIGH_CONFIDENCE_MATCH
A00213,B00213,1.0,HIGH_CONFIDENCE_MATCH
A00214,B00214,1.0,HIGH_CONFIDENCE_MATCH
A00215,B00215,1.0,HIGH_CONFIDENCE_MATCH
A00216,B00216,1.0,HIGH_CONFIDENCE_MATCH
A00217,B00217,1.0,HIGH_CONFIDENCE_MATCH
A00218,B00218,1.0,HIGH_CONFIDENCE_MATCH
A00219,B00219,1.0,HIGH_CONFIDENCE_MATCH
A00220,B00220,1.0,HIGH_CONFIDENCE_MATCH
A00221,B00221,1.0,HIGH_CONFIDENCE_MATCH
A00222,B00222,1.0,HIGH_CONFIDENCE_MATCH
A00223,B00223,1.0,HIGH_CONFIDENCE_MATCH
A00224,B00224,1.0,HIGH_CONFIDENCE_MATCH
A00225,B00225,1.0,HIGH_CONFIDENCE_MATCH
A00226,B00226,1.0,HIGH_CONFIDENCE_MATCH
A00227,B00227,1.0,HIGH_CONFIDENCE_MATCH
A00228,B00228,1.0,HIGH_CONFIDENCE_MATCH
A00229,B00229,1.0,HIGH_CONFIDENCE_MATCH
A00230,B00230,1.0,HIGH_CONFIDENCE_MATCH
A00231,B00231,1.0,HIGH_CONFIDENCE_MATCH
A00232,B00232,1.0,HIGH_CONFIDENCE_MATCH
A00233,B00233,1.0,HIGH_CONFIDENCE_MATCH
A00234,B00234,1.0,HIGH_CONFIDENCE_MATCH
A00235,B00235,1.0,HIGH_CONFIDENCE_MATCH
A00236,B00236,1.0,HIGH_CONFIDENCE_MATCH
A00237,B00237,1.0,HIGH_CONFIDENCE_MATCH
A00238,B00238,1.0,HIGH_CONFIDENCE_MATCH
A00239,B00239,1.0,HIGH_CONFIDENCE_MATCH
A00240,B00240,1.0,HIGH_CONFIDENCE_MATCH
A00241,B00241,1.0,HIGH_CONFIDENCE_MATCH
A00242,B00242,1.0,HIGH_CONFIDENCE_MATCH
A00243,B00243,1.0,HIGH_CONFIDENCE_MATCH
A00244,B00244,1.0,HIGH_CONFIDENCE_MATCH
A00245,B00245,1.0,HIGH_CONFIDENCE_MATCH
A00246,B00246,1.0,HIGH_CONFIDENCE_MATCH
A00247,B00247,1.0,HIGH_CONFIDENCE_MATCH
A00248,B00248,1.0,HIGH_CONFIDENCE_MATCH
A00249,B00249,1.0,HIGH_CONFIDENCE_MATCH
A00250,B00250,1.0,HIGH_CONFIDENCE_MATCH
A00251,B00251,1.0,HIGH_CONFIDENCE_MATCH
A00252,B00252,1.0,HIGH_CONFIDENCE_MATCH
A00253,B00253,1.0,HIGH_CONFIDENCE_MATCH
A00254,B00254,1.0,HIGH_CONFIDENCE_MATCH
A00255,B00255,1.0,HIGH_CONFIDENCE_MATCH
A00256,B00256,1.0,HIGH_CONFIDENCE_MATCH
A00257,B00257,1.0,HIGH_CONFIDENCE_MATCH
A00258,B00258,1.0,HIGH_CONFIDENCE_MATCH
A00259,B00259,1.0,HIGH_CONFIDENCE_MATCH
A00260,B00260,1.0,HIGH_CONFIDENCE_MATCH
A00261,B00261,1.0,HIGH_CONFIDENCE_MATCH
A00262,B00262,1.0,HIGH_CONFIDENCE_MATCH
A00263,B00263,1.0,HIGH_CONFIDENCE_MATCH
A00264,B00264,1.0,HIGH_CONFIDENCE_MATCH
A00265,B00265,1.0,HIGH_CONFIDENCE_MATCH
A00266,B00266,1.0,HIGH_CONFIDENCE_MATCH
A00267,B00267,1.0,HIGH_CONFIDENCE_MATCH
A00268,B00268,1.0,HIGH_CONFIDENCE_MATCH
A00269,B00269,1.0,HIGH_CONFIDENCE_MATCH
A00270,B00270,1.0,HIGH_CONFIDENCE_MATCH
A00271,B00271,1.0,HIGH_CONFIDENCE_MATCH
A00272,B00272,1.0,HIGH_CONFIDENCE_MATCH
A00273,B00273,1.0,HIGH_CONFIDENCE_MATCH
A00274,B00274,1.0,HIGH_CONFIDENCE_MATCH
A00275,B00275,1.0,HIGH_CONFIDENCE_MATCH
A00276,B00276,1.0,HIGH_CONFIDENCE_MATCH
A00277,B00277,1.0,HIGH_CONFIDENCE_MATCH
A00278,B00278,1.0,HIGH_CONFIDENCE_MATCH
A00279,B00279,1.0,HIGH_CONFIDENCE_MATCH
A00280,B00280,1.0,HIGH_CONFIDENCE_MATCH
A00281,B00281,1.0,HIGH_CONFIDENCE_MATCH
A00282,B00282,1.0,HIGH_CONFIDENCE_MATCH
A00283,B00283,1.0,HIGH_CONFIDENCE_MATCH
A00284,B00284,1.0,HIGH_CONFIDENCE_MATCH
A00285,B00285,1.0,HIGH_CONFIDENCE_MATCH
A00286,B00286,1.0,HIGH_CONFIDENCE_MATCH
A00287,B00287,1.0,HIGH_CONFIDENCE_MATCH
A00288,B00288,1.0,HIGH_CONFIDENCE_MATCH
A00289,B00289,1.0,HIGH_CONFIDENCE_MATCH
A00290,B00290,1.0,HIGH_CONFIDENCE_MATCH
A00291,B00291,1.0,HIGH_CONFIDENCE_MATCH
A00292,B00292,1.0,HIGH_CONFIDENCE_MATCH
A00293,B00293,1.0,HIGH_CONFIDENCE_MATCH
A00294,B00294,1.0,HIGH_CONFIDENCE_MATCH
A00295,B00295,1.0,HIGH_CONFIDENCE_MATCH
A00296,B00296,1.0,HIGH_CONFIDENCE_MATCH
A00297,B00297,1.0,HIGH_CONFIDENCE_MATCH
A00298,B00298,1.0,HIGH_CONFIDENCE_MATCH
A00299,B00299,1.0,HIGH_CONFIDENCE_MATCH
A00300,B00300,1.0,HIGH_CONFIDENCE_MATCH
A00301,B00301,1.0,HIGH_CONFIDENCE_MATCH
A00302,B00302,1.0,HIGH_CONFIDENCE_MATCH
A00303,B00303,1.0,HIGH_CONFIDENCE_MATCH
A00304,B00304,1.0,HIGH_CONFIDENCE_MATCH
A00305,B00305,1.0,HIGH_CONFIDENCE_MATCH
A00306,B00306,1.0,HIGH_CONFIDENCE_MATCH
A00307,B00307,1.0,HIGH_CONFIDENCE_MATCH
A00308,B00308,1.0,HIGH_CONFIDENCE_MATCH
A00309,B00309,1.0,HIGH_CONFIDENCE_MATCH
A00310,B00310,1.0,HIGH_CONFIDENCE_MATCH
A00311,B00311,1.0,HIGH_CONFIDENCE_MATCH
A00312,B00312,1.0,HIGH_CONFIDENCE_MATCH
A00313,B00313,1.0,HIGH_CONFIDENCE_MATCH
A00314,B00314,1.0,HIGH_CONFIDENCE_MATCH
A00315,B00315,1.0,HIGH_CONFIDENCE_MATCH
A00316,B00316,1.0,HIGH_CONFIDENCE_MATCH
A00317,B00317,1.0,HIGH_CONFIDENCE_MATCH
A00318,B00318,1.0,HIGH_CONFIDENCE_MATCH
A00319,B00319,1.0,HIGH_CONFIDENCE_MATCH
A00320,B00320,1.0,HIGH_CONFIDENCE_MATCH
A00321,B00321,1.0,HIGH_CONFIDENCE_MATCH
A00322,B00322,1.0,HIGH_CONFIDENCE_MATCH
A00323,B00323,1.0,HIGH_CONFIDENCE_MATCH
A00324,B00324,1.0,HIGH_CONFIDENCE_MATCH
A00325,B00325,1.0,HIGH_CONFIDENCE_MATCH
A00326,B00326,1.0,HIGH_CONFIDENCE_MATCH
A00327,B00327,1.0,HIGH_CONFIDENCE_MATCH
A00328,B00328,1.0,HIGH_CONFIDENCE_MATCH
A00329,B00329,1.0,HIGH_CONFIDENCE_MATCH
A00330,B00330,1.0,HIGH_CONFIDENCE_MATCH
A00331,B00331,1.0,HIGH_CONFIDENCE_MATCH
A00332,B00332,1.0,HIGH_CONFIDENCE_MATCH
A00333,B00333,1.0,HIGH_CONFIDENCE_MATCH
A00334,B00334,1.0,HIGH_CONFIDENCE_MATCH
A00335,B00335,1.0,HIGH_CONFIDENCE_MATCH
A00336,B00336,1.0,HIGH_CONFIDENCE_MATCH
A00337,B00337,1.0,HIGH_CONFIDENCE_MATCH
A00338,B00338,1.0,HIGH_CONFIDENCE_MATCH
A00339,B00339,1.0,HIGH_CONFIDENCE_MATCH
A00340,B00340,1.0,HIGH_CONFIDENCE_MATCH
A00341,B00341,1.0,HIGH_CONFIDENCE_MATCH
A00342,B00342,1.0,HIGH_CONFIDENCE_MATCH
A00343,B00343,1.0,HIGH_CONFIDENCE_MATCH
A00344,B00344,1.0,HIGH_CONFIDENCE_MATCH
A00345,B00345,1.0,HIGH_CONFIDENCE_MATCH
A00346,B00346,1.0,HIGH_CONFIDENCE_MATCH
A00347,B00347,1.0,HIGH_CONFIDENCE_MATCH
A00348,B00348,1.0,HIGH_CONFIDENCE_MATCH
A00349,B00349,1.0,HIGH_CONFIDENCE_MATCH
A00350,B00350,1.0,HIGH_CONFIDENCE_MATCH
A00351,B00351,1.0,HIGH_CONFIDENCE_MATCH
A00352,B00352,1.0,HIGH_CONFIDENCE_MATCH
A00353,B00353,1.0,HIGH_CONFIDENCE_MATCH
A00354,B00354,1.0,HIGH_CONFIDENCE_MATCH
A00355,B00355,1.0,HIGH_CONFIDENCE_MATCH
A00356,B00356,1.0,HIGH_CONFIDENCE_MATCH
A00357,B00357,1.0,HIGH_CONFIDENCE_MATCH
A00358,B00358,1.0,HIGH_CONFIDENCE_MATCH
A00359,B00359,1.0,HIGH_CONFIDENCE_MATCH
A00360,B00360,1.0,HIGH_CONFIDENCE_MATCH
A00361,B00361,1.0,HIGH_CONFIDENCE_MATCH
A00362,B00362,1.0,HIGH_CONFIDENCE_MATCH
A00363,B00363,1.0,HIGH_CONFIDENCE_MATCH
A00364,B00364,1.0,HIGH_CONFIDENCE_MATCH
A00365,B00365,1.0,HIGH_CONFIDENCE_MATCH
A00366,B00366,1.0,HIGH_CONFIDENCE_MATCH
A00367,B00367,1.0,HIGH_CONFIDENCE_MATCH
A00368,B00368,1.0,HIGH_CONFIDENCE_MATCH
A00369,B00369,1.0,HIGH_CONFIDENCE_MATCH
A00370,B00370,1.0,HIGH_CONFIDENCE_MATCH
A00371,B00371,1.0,HIGH_CONFIDENCE_MATCH
A00372,B00372,1.0,HIGH_CONFIDENCE_MATCH
A00373,B00373,1.0,HIGH_CONFIDENCE_MATCH
A00374,B00374,1.0,HIGH_CONFIDENCE_MATCH
A00375,B00375,1.0,HIGH_CONFIDENCE_MATCH
A00376,B00376,1.0,HIGH_CONFIDENCE_MATCH
A00377,B00377,1.0,HIGH_CONFIDENCE_MATCH
A00378,B00378,1.0,HIGH_CONFIDENCE_MATCH
A00379,B00379,1.0,HIGH_CONFIDENCE_MATCH
A00380,B00380,1.0,HIGH_CONFIDENCE_MATCH
A00381,B00381,1.0,HIGH_CONFIDENCE_MATCH
A00382,B00382,1.0,HIGH_CONFIDENCE_MATCH
A00383,B00383,1.0,HIGH_CONFIDENCE_MATCH
A00384,B00384,1.0,HIGH_CONFIDENCE_MATCH
A00385,B00385,1.0,HIGH_CONFIDENCE_MATCH
A00386,B00386,1.0,HIGH_CONFIDENCE_MATCH
A00387,B00387,1.0,HIGH_CONFIDENCE_MATCH
A00388,B00388,1.0,HIGH_CONFIDENCE_MATCH
A00389,B00389,1.0,HIGH_CONFIDENCE_MATCH
A00390,B00390,1.0,HIGH_CONFIDENCE_MATCH
A00391,B00391,1.0,HIGH_CONFIDENCE_MATCH
A00392,B00392,1.0,HIGH_CONFIDENCE_MATCH
A00393,B00393,1.0,HIGH_CONFIDENCE_MATCH
A00394,B00394,1.0,HIGH_CONFIDENCE_MATCH
A00395,B00395,1.0,HIGH_CONFIDENCE_MATCH
A00396,B00396,1.0,HIGH_CONFIDENCE_MATCH
A00397,B00397,1.0,HIGH_CONFIDENCE_MATCH
A00398,B00398,1.0,HIGH_CONFIDENCE_MATCH
A00399,B00399,1.0,HIGH_CONFIDENCE_MATCH
A00400,B00400,1.0,HIGH_CONFIDENCE_MATCH
A00401,B00401,1.0,HIGH_CONFIDENCE_MATCH
A00402,B00402,1.0,HIGH_CONFIDENCE_MATCH
A00403,B00403,1.0,HIGH_CONFIDENCE_MATCH
A00404,B00404,1.0,HIGH_CONFIDENCE_MATCH
A00405,B00405,1.0,HIGH_CONFIDENCE_MATCH
A00406,B00406,1.0,HIGH_CONFIDENCE_MATCH
A00407,B00407,1.0,HIGH_CONFIDENCE_MATCH
A00408,B00408,1.0,HIGH_CONFIDENCE_MATCH
A00409,B00409,1.0,HIGH_CONFIDENCE_MATCH
A00410,B00410,1.0,HIGH_CONFIDENCE_MATCH
A00411,B00411,1.0,HIGH_CONFIDENCE_MATCH
A00412,B00412,1.0,HIGH_CONFIDENCE_MATCH
A00413,B00413,1.0,HIGH_CONFIDENCE_MATCH
A00414,B00414,1.0,HIGH_CONFIDENCE_MATCH
A00415,B00415,1.0,HIGH_CONFIDENCE_MATCH
A00416,B00416,1.0,HIGH_CONFIDENCE_MATCH
A00417,B00417,1.0,HIGH_CONFIDENCE_MATCH
A00418,B00418,1.0,HIGH_CONFIDENCE_MATCH
A00419,B00419,1.0,HIGH_CONFIDENCE_MATCH
A00420,B00420,1.0,HIGH_CONFIDENCE_MATCH
A00421,B00421,1.0,HIGH_CONFIDENCE_MATCH
A00422,B00422,1.0,HIGH_CONFIDENCE_MATCH
A00423,B00423,1.0,HIGH_CONFIDENCE_MATCH
A00424,B00424,1.0,HIGH_CONFIDENCE_MATCH
A00425,B00425,1.0,HIGH_CONFIDENCE_MATCH
A00426,B00426,1.0,HIGH_CONFIDENCE_MATCH
A00427,B00427,1.0,HIGH_CONFIDENCE_MATCH
A00428,B00428,1.0,HIGH_CONFIDENCE_MATCH
A00429,B00429,1.0,HIGH_CONFIDENCE_MATCH
A00430,B00430,1.0,HIGH_CONFIDENCE_MATCH
A00431,B00431,1.0,HIGH_CONFIDENCE_MATCH
A00432,B00432,1.0,HIGH_CONFIDENCE_MATCH
A00433,B00433,1.0,HIGH_CONFIDENCE_MATCH
A00434,B00434,1.0,HIGH_CONFIDENCE_MATCH
A00435,B00435,1.0,HIGH_CONFIDENCE_MATCH
A00436,B00436,1.0,HIGH_CONFIDENCE_MATCH
A00437,B00437,1.0,HIGH_CONFIDENCE_MATCH
A00438,B00438,1.0,HIGH_CONFIDENCE_MATCH
A00439,B00439,1.0,HIGH_CONFIDENCE_MATCH
A00440,B00440,1.0,HIGH_CONFIDENCE_MATCH
A00441,B00441,1.0,HIGH_CONFIDENCE_MATCH
A00442,B00442,1.0,HIGH_CONFIDENCE_MATCH
A00443,B00443,1.0,HIGH_CONFIDENCE_MATCH
A00444,B00444,1.0,HIGH_CONFIDENCE_MATCH
A00445,B00445,1.0,HIGH_CONFIDENCE_MATCH
A00446,B00446,1.0,HIGH_CONFIDENCE_MATCH
A00447,B00447,1.0,HIGH_CONFIDENCE_MATCH
A00448,B00448,1.0,HIGH_CONFIDENCE_MATCH
A00449,B00449,1.0,HIGH_CONFIDENCE_MATCH
A00450,B00450,1.0,HIGH_CONFIDENCE_MATCH
A00451,B00451,1.0,HIGH_CONFIDENCE_MATCH
A00452,B00452,1.0,HIGH_CONFIDENCE_MATCH
A00453,B00453,1.0,HIGH_CONFIDENCE_MATCH
A00454,B00454,1.0,HIGH_CONFIDENCE_MATCH
A00455,B00455,1.0,HIGH_CONFIDENCE_MATCH
A00456,B00456,1.0,HIGH_CONFIDENCE_MATCH
A00457,B00457,1.0,HIGH_CONFIDENCE_MATCH
A00458,B00458,1.0,HIGH_CONFIDENCE_MATCH
A00459,B00459,1.0,HIGH_CONFIDENCE_MATCH
A00460,B00460,1.0,HIGH_CONFIDENCE_MATCH
A00461,B00461,1.0,HIGH_CONFIDENCE_MATCH
A00462,B00462,1.0,HIGH_CONFIDENCE_MATCH
A00463,B00463,1.0,HIGH_CONFIDENCE_MATCH
A00464,B00464,1.0,HIGH_CONFIDENCE_MATCH
A00465,B00465,1.0,HIGH_CONFIDENCE_MATCH
A00466,B00466,1.0,HIGH_CONFIDENCE_MATCH
A00467,B00467,1.0,HIGH_CONFIDENCE_MATCH
A00468,B00468,1.0,HIGH_CONFIDENCE_MATCH
A00469,B00469,1.0,HIGH_CONFIDENCE_MATCH
A00470,B00470,1.0,HIGH_CONFIDENCE_MATCH
A00471,B00471,1.0,HIGH_CONFIDENCE_MATCH
A00472,B00472,1.0,HIGH_CONFIDENCE_MATCH
A00473,B00473,1.0,HIGH_CONFIDENCE_MATCH
A00474,B00474,1.0,HIGH_CONFIDENCE_MATCH
A00475,B00475,1.0,HIGH_CONFIDENCE_MATCH
A00476,B00476,1.0,HIGH_CONFIDENCE_MATCH
A00477,B00477,1.0,HIGH_CONFIDENCE_MATCH
A00478,B00478,1.0,HIGH_CONFIDENCE_MATCH
A00479,B00479,1.0,HIGH_CONFIDENCE_MATCH
A00480,B00480,1.0,HIGH_CONFIDENCE_MATCH
A00481,B00481,1.0,HIGH_CONFIDENCE_MATCH
A00482,B00482,1.0,HIGH_CONFIDENCE_MATCH
A00483,B00483,1.0,HIGH_CONFIDENCE_MATCH
A00484,B00484,1.0,HIGH_CONFIDENCE_MATCH
A00485,B00485,1.0,HIGH_CONFIDENCE_MATCH
A00486,B00486,1.0,HIGH_CONFIDENCE_MATCH
A00487,B00487,1.0,HIGH_CONFIDENCE_MATCH
A00488,B00488,1.0,HIGH_CONFIDENCE_MATCH
A00489,B00489,1.0,HIGH_CONFIDENCE_MATCH
A00490,B00490,1.0,HIGH_CONFIDENCE_MATCH
A00491,B00491,0.9789,HIGH_CONFIDENCE_MATCH
A00492,B00492,1.0,HIGH_CONFIDENCE_MATCH
A00493,B00493,1.0,HIGH_CONFIDENCE_MATCH
A00494,B00494,1.0,HIGH_CONFIDENCE_MATCH
A00495,B00495,1.0,HIGH_CONFIDENCE_MATCH
A00496,B00496,1.0,HIGH_CONFIDENCE_MATCH
A00497,B00497,1.0,HIGH_CONFIDENCE_MATCH
A00498,B00498,1.0,HIGH_CONFIDENCE_MATCH
A00499,B00499,1.0,HIGH_CONFIDENCE_MATCH
A00500,B00500,1.0,HIGH_CONFIDENCE_MATCH
A00501,B00501,1.0,HIGH_CONFIDENCE_MATCH
A00502,B00502,1.0,HIGH_CONFIDENCE_MATCH
A00503,B00503,1.0,HIGH_CONFIDENCE_MATCH
A00504,B00504,1.0,HIGH_CONFIDENCE_MATCH
A00505,B00505,1.0,HIGH_CONFIDENCE_MATCH
A00506,B00506,1.0,HIGH_CONFIDENCE_MATCH
A00507,B00507,1.0,HIGH_CONFIDENCE_MATCH
A00508,B00508,1.0,HIGH_CONFIDENCE_MATCH
A00509,B00509,1.0,HIGH_CONFIDENCE_MATCH
A00510,B00510,1.0,HIGH_CONFIDENCE_MATCH
A00511,B00511,1.0,HIGH_CONFIDENCE_MATCH
A00512,B00512,1.0,HIGH_CONFIDENCE_MATCH
A00513,B00513,1.0,HIGH_CONFIDENCE_MATCH
A00514,B00514,1.0,HIGH_CONFIDENCE_MATCH
A00515,B00515,1.0,HIGH_CONFIDENCE_MATCH
A00516,B00516,1.0,HIGH_CONFIDENCE_MATCH
A00517,B00517,1.0,HIGH_CONFIDENCE_MATCH
A00518,B00518,1.0,HIGH_CONFIDENCE_MATCH
A00519,B00519,1.0,HIGH_CONFIDENCE_MATCH
A00520,B00520,1.0,HIGH_CONFIDENCE_MATCH
A00521,B00521,1.0,HIGH_CONFIDENCE_MATCH
A00522,B00522,1.0,HIGH_CONFIDENCE_MATCH
A00523,B00523,1.0,HIGH_CONFIDENCE_MATCH
A00524,B00524,1.0,HIGH_CONFIDENCE_MATCH
A00525,B00525,1.0,HIGH_CONFIDENCE_MATCH
A00526,B00526,1.0,HIGH_CONFIDENCE_MATCH
A00527,B00527,1.0,HIGH_CONFIDENCE_MATCH
A00528,B00528,1.0,HIGH_CONFIDENCE_MATCH
A00529,B00529,1.0,HIGH_CONFIDENCE_MATCH
A00530,B00530,1.0,HIGH_CONFIDENCE_MATCH
A00531,B00531,1.0,HIGH_CONFIDENCE_MATCH
A00532,B00532,1.0,HIGH_CONFIDENCE_MATCH
A00533,B00533,1.0,HIGH_CONFIDENCE_MATCH
A00534,B00534,1.0,HIGH_CONFIDENCE_MATCH
A00535,B00535,1.0,HIGH_CONFIDENCE_MATCH
A00536,B00536,1.0,HIGH_CONFIDENCE_MATCH
A00537,B00537,1.0,HIGH_CONFIDENCE_MATCH
A00538,B00538,1.0,HIGH_CONFIDENCE_MATCH
A00539,B00539,1.0,HIGH_CONFIDENCE_MATCH
A00540,B00540,1.0,HIGH_CONFIDENCE_MATCH
A00541,B00541,1.0,HIGH_CONFIDENCE_MATCH
A00542,B00542,1.0,HIGH_CONFIDENCE_MATCH
A00543,B00543,1.0,HIGH_CONFIDENCE_MATCH
A00544,B00544,1.0,HIGH_CONFIDENCE_MATCH
A00545,B00545,1.0,HIGH_CONFIDENCE_MATCH
A00546,B00546,1.0,HIGH_CONFIDENCE_MATCH
A00547,B00547,1.0,HIGH_CONFIDENCE_MATCH
A00548,B00548,1.0,HIGH_CONFIDENCE_MATCH
A00549,B00549,1.0,HIGH_CONFIDENCE_MATCH
A00550,B00550,1.0,HIGH_CONFIDENCE_MATCH
A00551,B00551,1.0,HIGH_CONFIDENCE_MATCH
A00552,B00552,1.0,HIGH_CONFIDENCE_MATCH
A00553,B00553,1.0,HIGH_CONFIDENCE_MATCH
A00554,B00554,1.0,HIGH_CONFIDENCE_MATCH
A00555,B00555,1.0,HIGH_CONFIDENCE_MATCH
A00556,B00556,1.0,HIGH_CONFIDENCE_MATCH
A00557,B00557,1.0,HIGH_CONFIDENCE_MATCH
A00558,B00558,1.0,HIGH_CONFIDENCE_MATCH
A00559,B00559,1.0,HIGH_CONFIDENCE_MATCH
A00560,B00560,1.0,HIGH_CONFIDENCE_MATCH
A00561,B00561,1.0,HIGH_CONFIDENCE_MATCH
A00562,B00562,1.0,HIGH_CONFIDENCE_MATCH
A00563,B00563,1.0,HIGH_CONFIDENCE_MATCH
A00564,B00564,1.0,HIGH_CONFIDENCE_MATCH
A00565,B00565,1.0,HIGH_CONFIDENCE_MATCH
A00566,B00566,1.0,HIGH_CONFIDENCE_MATCH
A00567,B00567,1.0,HIGH_CONFIDENCE_MATCH
A00568,B00568,1.0,HIGH_CONFIDENCE_MATCH
A00569,B00569,1.0,HIGH_CONFIDENCE_MATCH
A00570,B00570,1.0,HIGH_CONFIDENCE_MATCH
A00571,B00571,1.0,HIGH_CONFIDENCE_MATCH
A00572,B00572,1.0,HIGH_CONFIDENCE_MATCH
A00573,B00573,1.0,HIGH_CONFIDENCE_MATCH
A00574,B00574,1.0,HIGH_CONFIDENCE_MATCH
A00575,B00575,1.0,HIGH_CONFIDENCE_MATCH
A00576,B00576,1.0,HIGH_CONFIDENCE_MATCH
A00577,B00577,1.0,HIGH_CONFIDENCE_MATCH
A00578,B00578,1.0,HIGH_CONFIDENCE_MATCH
A00579,B00579,1.0,HIGH_CONFIDENCE_MATCH
A00580,B00580,1.0,HIGH_CONFIDENCE_MATCH
A00581,B00581,1.0,HIGH_CONFIDENCE_MATCH
A00582,B00582,1.0,HIGH_CONFIDENCE_MATCH
A00583,B00583,1.0,HIGH_CONFIDENCE_MATCH
A00584,B00584,1.0,HIGH_CONFIDENCE_MATCH
A00585,B00585,1.0,HIGH_CONFIDENCE_MATCH
A00586,B00586,1.0,HIGH_CONFIDENCE_MATCH
A00587,B00587,1.0,HIGH_CONFIDENCE_MATCH
A00588,B00588,1.0,HIGH_CONFIDENCE_MATCH
A00589,B00589,1.0,HIGH_CONFIDENCE_MATCH
A00590,B00590,1.0,HIGH_CONFIDENCE_MATCH
A00591,B00591,0.9789,HIGH_CONFIDENCE_MATCH
A00592,B00592,1.0,HIGH_CONFIDENCE_MATCH
A00593,B00593,1.0,HIGH_CONFIDENCE_MATCH
A00594,B00594,1.0,HIGH_CONFIDENCE_MATCH
A00595,B00595,1.0,HIGH_CONFIDENCE_MATCH
A00596,B00596,1.0,HIGH_CONFIDENCE_MATCH
A00597,B00597,1.0,HIGH_CONFIDENCE_MATCH
A00598,B00598,1.0,HIGH_CONFIDENCE_MATCH
A00599,B00599,1.0,HIGH_CONFIDENCE_MATCH
A00600,B00600,1.0,HIGH_CONFIDENCE_MATCH
A00601,B00601,1.0,HIGH_CONFIDENCE_MATCH
A00602,B00602,1.0,HIGH_CONFIDENCE_MATCH
A00603,B00603,1.0,HIGH_CONFIDENCE_MATCH
A00604,B00604,1.0,HIGH_CONFIDENCE_MATCH
A00605,B00605,1.0,HIGH_CONFIDENCE_MATCH
A00606,B00606,1.0,HIGH_CONFIDENCE_MATCH
A00607,B00607,1.0,HIGH_CONFIDENCE_MATCH
A00608,B00608,1.0,HIGH_CONFIDENCE_MATCH
A00609,B00609,1.0,HIGH_CONFIDENCE_MATCH
A00610,B00610,1.0,HIGH_CONFIDENCE_MATCH
A00611,B00611,1.0,HIGH_CONFIDENCE_MATCH
A00612,B00612,1.0,HIGH_CONFIDENCE_MATCH
A00613,B00613,1.0,HIGH_CONFIDENCE_MATCH
A00614,B00614,1.0,HIGH_CONFIDENCE_MATCH
A00615,B00615,1.0,HIGH_CONFIDENCE_MATCH
A00616,B00616,1.0,HIGH_CONFIDENCE_MATCH
A00617,B00617,1.0,HIGH_CONFIDENCE_MATCH
A00618,B00618,1.0,HIGH_CONFIDENCE_MATCH
A00619,B00619,1.0,HIGH_CONFIDENCE_MATCH
A00620,B00620,1.0,HIGH_CONFIDENCE_MATCH
A00621,B00621,1.0,HIGH_CONFIDENCE_MATCH
A00622,B00622,1.0,HIGH_CONFIDENCE_MATCH
A00623,B00623,1.0,HIGH_CONFIDENCE_MATCH
A00624,B00624,1.0,HIGH_CONFIDENCE_MATCH
A00625,B00625,1.0,HIGH_CONFIDENCE_MATCH
A00626,B00626,1.0,HIGH_CONFIDENCE_MATCH
A00627,B00627,1.0,HIGH_CONFIDENCE_MATCH
A00628,B00628,1.0,HIGH_CONFIDENCE_MATCH
A00629,B00629,1.0,HIGH_CONFIDENCE_MATCH
A00630,B00630,1.0,HIGH_CONFIDENCE_MATCH
A00631,B00631,1.0,HIGH_CONFIDENCE_MATCH
A00632,B00632,1.0,HIGH_CONFIDENCE_MATCH
A00633,B00633,1.0,HIGH_CONFIDENCE_MATCH
A00634,B00634,1.0,HIGH_CONFIDENCE_MATCH
A00635,B00635,1.0,HIGH_CONFIDENCE_MATCH
A00636,B00636,1.0,HIGH_CONFIDENCE_MATCH
A00637,B00637,1.0,HIGH_CONFIDENCE_MATCH
A00638,B00638,1.0,HIGH_CONFIDENCE_MATCH
A00639,B00639,1.0,HIGH_CONFIDENCE_MATCH
A00640,B00640,1.0,HIGH_CONFIDENCE_MATCH
A00641,B00641,1.0,HIGH_CONFIDENCE_MATCH
A00642,B00642,1.0,HIGH_CONFIDENCE_MATCH
A00643,B00643,1.0,HIGH_CONFIDENCE_MATCH
A00644,B00644,1.0,HIGH_CONFIDENCE_MATCH
A00645,B00645,1.0,HIGH_CONFIDENCE_MATCH
A00646,B00646,1.0,HIGH_CONFIDENCE_MATCH
A00647,B00647,1.0,HIGH_CONFIDENCE_MATCH
A00648,B00648,1.0,HIGH_CONFIDENCE_MATCH
A00649,B00649,1.0,HIGH_CONFIDENCE_MATCH
A00650,B00650,1.0,HIGH_CONFIDENCE_MATCH
A00651,B00651,1.0,HIGH_CONFIDENCE_MATCH
A00652,B00652,1.0,HIGH_CONFIDENCE_MATCH
A00653,B00653,1.0,HIGH_CONFIDENCE_MATCH
A00654,B00654,1.0,HIGH_CONFIDENCE_MATCH
A00655,B00655,1.0,HIGH_CONFIDENCE_MATCH
A00656,B00656,1.0,HIGH_CONFIDENCE_MATCH
A00657,B00657,1.0,HIGH_CONFIDENCE_MATCH
A00658,B00658,1.0,HIGH_CONFIDENCE_MATCH
A00659,B00659,1.0,HIGH_CONFIDENCE_MATCH
A00660,B00660,1.0,HIGH_CONFIDENCE_MATCH
A00661,B00661,1.0,HIGH_CONFIDENCE_MATCH
A00662,B00662,1.0,HIGH_CONFIDENCE_MATCH
A00663,B00663,1.0,HIGH_CONFIDENCE_MATCH
A00664,B00664,1.0,HIGH_CONFIDENCE_MATCH
A00665,B00665,1.0,HIGH_CONFIDENCE_MATCH
A00666,B00666,1.0,HIGH_CONFIDENCE_MATCH
A00667,B00667,1.0,HIGH_CONFIDENCE_MATCH
A00668,B00668,1.0,HIGH_CONFIDENCE_MATCH
A00669,B00669,1.0,HIGH_CONFIDENCE_MATCH
A00670,B00670,1.0,HIGH_CONFIDENCE_MATCH
A00671,B00671,1.0,HIGH_CONFIDENCE_MATCH
A00672,B00672,1.0,HIGH_CONFIDENCE_MATCH
A00673,B00673,1.0,HIGH_CONFIDENCE_MATCH
A00674,B00674,1.0,HIGH_CONFIDENCE_MATCH
A00675,B00675,1.0,HIGH_CONFIDENCE_MATCH
A00676,B00676,1.0,HIGH_CONFIDENCE_MATCH
A00677,B00677,1.0,HIGH_CONFIDENCE_MATCH
A00678,B00678,1.0,HIGH_CONFIDENCE_MATCH
A00679,B00679,1.0,HIGH_CONFIDENCE_MATCH
A00680,B00680,1.0,HIGH_CONFIDENCE_MATCH
A00681,B00681,1.0,HIGH_CONFIDENCE_MATCH
A00682,B00682,1.0,HIGH_CONFIDENCE_MATCH
A00683,B00683,1.0,HIGH_CONFIDENCE_MATCH
A00684,B00684,1.0,HIGH_CONFIDENCE_MATCH
A00685,B00685,1.0,HIGH_CONFIDENCE_MATCH
A00686,B00686,0.9789,HIGH_CONFIDENCE_MATCH
A00687,B00687,1.0,HIGH_CONFIDENCE_MATCH
A00688,B00688,1.0,HIGH_CONFIDENCE_MATCH
A00689,B00689,1.0,HIGH_CONFIDENCE_MATCH
A00690,B00690,1.0,HIGH_CONFIDENCE_MATCH
A00691,B00691,1.0,HIGH_CONFIDENCE_MATCH
A00692,B00692,1.0,HIGH_CONFIDENCE_MATCH
A00693,B00693,1.0,HIGH_CONFIDENCE_MATCH
A00694,B00694,1.0,HIGH_CONFIDENCE_MATCH
A00695,B00695,1.0,HIGH_CONFIDENCE_MATCH
A00696,B00696,1.0,HIGH_CONFIDENCE_MATCH
A00697,B00697,1.0,HIGH_CONFIDENCE_MATCH
A00698,B00698,1.0,HIGH_CONFIDENCE_MATCH
A00699,B00699,1.0,HIGH_CONFIDENCE_MATCH
A00700,B00700,1.0,HIGH_CONFIDENCE_MATCH
A00701,B00701,1.0,HIGH_CONFIDENCE_MATCH
A00702,B00702,1.0,HIGH_CONFIDENCE_MATCH
A00703,B00703,1.0,HIGH_CONFIDENCE_MATCH
A00704,B00704,1.0,HIGH_CONFIDENCE_MATCH
A00705,B00705,1.0,HIGH_CONFIDENCE_MATCH
A00706,B00706,1.0,HIGH_CONFIDENCE_MATCH
A00707,B00707,1.0,HIGH_CONFIDENCE_MATCH
A00708,B00708,1.0,HIGH_CONFIDENCE_MATCH
A00709,B00709,1.0,HIGH_CONFIDENCE_MATCH
A00710,B00710,1.0,HIGH_CONFIDENCE_MATCH
A00711,B00711,1.0,HIGH_CONFIDENCE_MATCH
A00712,B00712,1.0,HIGH_CONFIDENCE_MATCH
A00713,B00713,1.0,HIGH_CONFIDENCE_MATCH
A00714,B00714,1.0,HIGH_CONFIDENCE_MATCH
A00715,B00715,1.0,HIGH_CONFIDENCE_MATCH
A00716,B00716,1.0,HIGH_CONFIDENCE_MATCH
A00717,B00717,1.0,HIGH_CONFIDENCE_MATCH
A00718,B00718,1.0,HIGH_CONFIDENCE_MATCH
A00719,B00719,1.0,HIGH_CONFIDENCE_MATCH
A00720,B00720,1.0,HIGH_CONFIDENCE_MATCH
A00721,B00721,1.0,HIGH_CONFIDENCE_MATCH
A00722,B00722,1.0,HIGH_CONFIDENCE_MATCH
A00723,B00723,0.9789,HIGH_CONFIDENCE_MATCH
A00724,B00724,1.0,HIGH_CONFIDENCE_MATCH
A00725,B00725,1.0,HIGH_CONFIDENCE_MATCH
A00726,B00726,1.0,HIGH_CONFIDENCE_MATCH
A00727,B00727,1.0,HIGH_CONFIDENCE_MATCH
A00728,B00728,1.0,HIGH_CONFIDENCE_MATCH
A00729,B00729,1.0,HIGH_CONFIDENCE_MATCH
A00730,B00730,1.0,HIGH_CONFIDENCE_MATCH
A00731,B00731,1.0,HIGH_CONFIDENCE_MATCH
A00732,B00732,1.0,HIGH_CONFIDENCE_MATCH
A00733,B00733,1.0,HIGH_CONFIDENCE_MATCH
A00734,B00734,1.0,HIGH_CONFIDENCE_MATCH
A00735,B00735,1.0,HIGH_CONFIDENCE_MATCH
A00736,B00736,1.0,HIGH_CONFIDENCE_MATCH
A00737,B00737,1.0,HIGH_CONFIDENCE_MATCH
A00738,B00738,1.0,HIGH_CONFIDENCE_MATCH
A00739,B00739,1.0,HIGH_CONFIDENCE_MATCH
A00740,B00740,1.0,HIGH_CONFIDENCE_MATCH
A00741,B00741,1.0,HIGH_CONFIDENCE_MATCH
A00742,B00742,1.0,HIGH_CONFIDENCE_MATCH
A00743,B00743,1.0,HIGH_CONFIDENCE_MATCH
A00744,B00744,1.0,HIGH_CONFIDENCE_MATCH
A00745,B00745,1.0,HIGH_CONFIDENCE_MATCH
A00746,B00746,1.0,HIGH_CONFIDENCE_MATCH
A00747,B00747,1.0,HIGH_CONFIDENCE_MATCH
A00748,B00748,1.0,HIGH_CONFIDENCE_MATCH
A00749,B00749,1.0,HIGH_CONFIDENCE_MATCH
A00750,B00750,1.0,HIGH_CONFIDENCE_MATCH
A00751,B00751,1.0,HIGH_CONFIDENCE_MATCH
A00752,B00752,1.0,HIGH_CONFIDENCE_MATCH
A00753,B00753,1.0,HIGH_CONFIDENCE_MATCH
A00754,B00754,1.0,HIGH_CONFIDENCE_MATCH
A00755,B00755,1.0,HIGH_CONFIDENCE_MATCH
A00756,B00756,1.0,HIGH_CONFIDENCE_MATCH
A00757,B00757,1.0,HIGH_CONFIDENCE_MATCH
A00758,B00758,1.0,HIGH_CONFIDENCE_MATCH
A00759,B00759,1.0,HIGH_CONFIDENCE_MATCH
A00760,B00760,1.0,HIGH_CONFIDENCE_MATCH
A00761,B00761,1.0,HIGH_CONFIDENCE_MATCH
A00762,B00762,1.0,HIGH_CONFIDENCE_MATCH
A00763,B00763,1.0,HIGH_CONFIDENCE_MATCH
A00764,B00764,1.0,HIGH_CONFIDENCE_MATCH
A00765,B00765,1.0,HIGH_CONFIDENCE_MATCH
A00766,B00766,1.0,HIGH_CONFIDENCE_MATCH
A00767,B00767,1.0,HIGH_CONFIDENCE_MATCH
A00768,B00768,1.0,HIGH_CONFIDENCE_MATCH
A00769,B00769,1.0,HIGH_CONFIDENCE_MATCH
A00770,B00770,1.0,HIGH_CONFIDENCE_MATCH
A00771,B00771,1.0,HIGH_CONFIDENCE_MATCH
A00772,B00772,1.0,HIGH_CONFIDENCE_MATCH
A00773,B00773,1.0,HIGH_CONFIDENCE_MATCH
A00774,B00774,1.0,HIGH_CONFIDENCE_MATCH
A00775,B00775,1.0,HIGH_CONFIDENCE_MATCH
A00776,B00776,1.0,HIGH_CONFIDENCE_MATCH
A00777,B00777,1.0,HIGH_CONFIDENCE_MATCH
A00778,B00778,1.0,HIGH_CONFIDENCE_MATCH
A00779,B00779,1.0,HIGH_CONFIDENCE_MATCH
A00780,B00780,1.0,HIGH_CONFIDENCE_MATCH
A00781,B00781,1.0,HIGH_CONFIDENCE_MATCH
A00782,B00782,1.0,HIGH_CONFIDENCE_MATCH
A00783,B00783,1.0,HIGH_CONFIDENCE_MATCH
A00784,B00784,1.0,HIGH_CONFIDENCE_MATCH
A00785,B00785,1.0,HIGH_CONFIDENCE_MATCH
A00786,B00786,1.0,HIGH_CONFIDENCE_MATCH
A00787,B00787,1.0,HIGH_CONFIDENCE_MATCH
A00788,B00788,1.0,HIGH_CONFIDENCE_MATCH
A00789,B00789,1.0,HIGH_CONFIDENCE_MATCH
A00790,B00790,1.0,HIGH_CONFIDENCE_MATCH
A00791,B00791,1.0,HIGH_CONFIDENCE_MATCH
A00792,B00792,1.0,HIGH_CONFIDENCE_MATCH
A00793,B00793,1.0,HIGH_CONFIDENCE_MATCH
A00794,B00794,1.0,HIGH_CONFIDENCE_MATCH
A00795,B00795,1.0,HIGH_CONFIDENCE_MATCH
A00796,B00796,1.0,HIGH_CONFIDENCE_MATCH
A00797,B00797,1.0,HIGH_CONFIDENCE_MATCH
A00798,B00798,1.0,HIGH_CONFIDENCE_MATCH
A00799,B00799,1.0,HIGH_CONFIDENCE_MATCH
A00800,B00800,1.0,HIGH_CONFIDENCE_MATCH
A00801,B00801,1.0,HIGH_CONFIDENCE_MATCH
A00802,B00802,1.0,HIGH_CONFIDENCE_MATCH
A00803,B00803,1.0,HIGH_CONFIDENCE_MATCH
A00804,B00804,1.0,HIGH_CONFIDENCE_MATCH
A00805,B00805,1.0,HIGH_CONFIDENCE_MATCH
A00806,B00806,1.0,HIGH_CONFIDENCE_MATCH
A00807,B00807,1.0,HIGH_CONFIDENCE_MATCH
A00808,B00808,1.0,HIGH_CONFIDENCE_MATCH
A00809,B00809,1.0,HIGH_CONFIDENCE_MATCH
A00810,B00810,1.0,HIGH_CONFIDENCE_MATCH
A00811,B00811,1.0,HIGH_CONFIDENCE_MATCH
A00812,B00812,1.0,HIGH_CONFIDENCE_MATCH
A00813,B00813,1.0,HIGH_CONFIDENCE_MATCH
A00814,B00814,1.0,HIGH_CONFIDENCE_MATCH
A00815,B00815,1.0,HIGH_CONFIDENCE_MATCH
A00816,B00816,1.0,HIGH_CONFIDENCE_MATCH
A00817,B00817,1.0,HIGH_CONFIDENCE_MATCH
A00818,B00818,1.0,HIGH_CONFIDENCE_MATCH
A00819,B00819,1.0,HIGH_CONFIDENCE_MATCH
A00820,B00820,1.0,HIGH_CONFIDENCE_MATCH
A00821,B00821,1.0,HIGH_CONFIDENCE_MATCH
A00822,B00822,1.0,HIGH_CONFIDENCE_MATCH
A00823,B00823,1.0,HIGH_CONFIDENCE_MATCH
A00824,B00824,1.0,HIGH_CONFIDENCE_MATCH
A00825,B00825,1.0,HIGH_CONFIDENCE_MATCH
A00826,B00826,1.0,HIGH_CONFIDENCE_MATCH
A00827,B00827,1.0,HIGH_CONFIDENCE_MATCH
A00828,B00828,1.0,HIGH_CONFIDENCE_MATCH
A00829,B00829,1.0,HIGH_CONFIDENCE_MATCH
A00830,B00830,1.0,HIGH_CONFIDENCE_MATCH
A00831,B00831,1.0,HIGH_CONFIDENCE_MATCH
A00832,B00832,1.0,HIGH_CONFIDENCE_MATCH
A00833,B00833,1.0,HIGH_CONFIDENCE_MATCH
A00834,B00834,1.0,HIGH_CONFIDENCE_MATCH
A00835,B00835,1.0,HIGH_CONFIDENCE_MATCH
A00836,B00836,1.0,HIGH_CONFIDENCE_MATCH
A00837,B00837,1.0,HIGH_CONFIDENCE_MATCH
A00838,B00838,1.0,HIGH_CONFIDENCE_MATCH
A00839,B00839,1.0,HIGH_CONFIDENCE_MATCH
A00840,B00840,1.0,HIGH_CONFIDENCE_MATCH
A00841,B00841,1.0,HIGH_CONFIDENCE_MATCH
A00842,B00842,1.0,HIGH_CONFIDENCE_MATCH
A00843,B00843,1.0,HIGH_CONFIDENCE_MATCH
A00844,B00844,1.0,HIGH_CONFIDENCE_MATCH
A00845,B00845,1.0,HIGH_CONFIDENCE_MATCH
A00846,B00846,1.0,HIGH_CONFIDENCE_MATCH
A00847,B00847,1.0,HIGH_CONFIDENCE_MATCH
A00848,B00848,1.0,HIGH_CONFIDENCE_MATCH
A00849,B00849,0.9789,HIGH_CONFIDENCE_MATCH
A00850,B00850,1.0,HIGH_CONFIDENCE_MATCH
A00851,B00851,1.0,HIGH_CONFIDENCE_MATCH
A00852,B00852,1.0,HIGH_CONFIDENCE_MATCH
A00853,B00853,1.0,HIGH_CONFIDENCE_MATCH
A00854,B00854,1.0,HIGH_CONFIDENCE_MATCH
A00855,B00855,1.0,HIGH_CONFIDENCE_MATCH
A00856,B00856,1.0,HIGH_CONFIDENCE_MATCH
A00857,B00857,1.0,HIGH_CONFIDENCE_MATCH
A00858,B00858,1.0,HIGH_CONFIDENCE_MATCH
A00859,B00859,1.0,HIGH_CONFIDENCE_MATCH
A00860,B00860,1.0,HIGH_CONFIDENCE_MATCH
A00861,B00861,1.0,HIGH_CONFIDENCE_MATCH
A00862,B00862,1.0,HIGH_CONFIDENCE_MATCH
A00863,B00863,1.0,HIGH_CONFIDENCE_MATCH
A00864,B00864,1.0,HIGH_CONFIDENCE_MATCH
A00865,B00865,1.0,HIGH_CONFIDENCE_MATCH
A00866,B00866,1.0,HIGH_CONFIDENCE_MATCH
A00867,B00867,1.0,HIGH_CONFIDENCE_MATCH
A00868,B00868,1.0,HIGH_CONFIDENCE_MATCH
A00869,B00869,1.0,HIGH_CONFIDENCE_MATCH
A00870,B00870,1.0,HIGH_CONFIDENCE_MATCH
A00871,B00871,1.0,HIGH_CONFIDENCE_MATCH
A00872,B00872,1.0,HIGH_CONFIDENCE_MATCH
A00873,B00873,1.0,HIGH_CONFIDENCE_MATCH
A00874,B00874,1.0,HIGH_CONFIDENCE_MATCH
A00875,B00875,1.0,HIGH_CONFIDENCE_MATCH
A00876,B00876,1.0,HIGH_CONFIDENCE_MATCH
A00877,B00877,1.0,HIGH_CONFIDENCE_MATCH
A00878,B00878,1.0,HIGH_CONFIDENCE_MATCH
A00879,B00879,1.0,HIGH_CONFIDENCE_MATCH
A00880,B00880,1.0,HIGH_CONFIDENCE_MATCH
A00881,B00881,1.0,HIGH_CONFIDENCE_MATCH
A00882,B00882,1.0,HIGH_CONFIDENCE_MATCH
A00883,B00883,1.0,HIGH_CONFIDENCE_MATCH
A00884,B00884,1.0,HIGH_CONFIDENCE_MATCH
A00885,B00885,1.0,HIGH_CONFIDENCE_MATCH
A00886,B00886,1.0,HIGH_CONFIDENCE_MATCH
A00887,B00887,1.0,HIGH_CONFIDENCE_MATCH
A00888,B00888,1.0,HIGH_CONFIDENCE_MATCH
A00889,B00889,1.0,HIGH_CONFIDENCE_MATCH
A00890,B00890,1.0,HIGH_CONFIDENCE_MATCH
A00891,B00891,1.0,HIGH_CONFIDENCE_MATCH
A00892,B00892,1.0,HIGH_CONFIDENCE_MATCH
A00893,B00893,1.0,HIGH_CONFIDENCE_MATCH
A00894,B00894,1.0,HIGH_CONFIDENCE_MATCH
A00895,B00895,1.0,HIGH_CONFIDENCE_MATCH
A00896,B00896,1.0,HIGH_CONFIDENCE_MATCH
A00897,B00897,1.0,HIGH_CONFIDENCE_MATCH
A00898,B00898,1.0,HIGH_CONFIDENCE_MATCH
A00899,B00899,1.0,HIGH_CONFIDENCE_MATCH
A00900,B00900,1.0,HIGH_CONFIDENCE_MATCH
A00901,B00901,1.0,HIGH_CONFIDENCE_MATCH
A00902,B00902,1.0,HIGH_CONFIDENCE_MATCH
A00903,B00903,1.0,HIGH_CONFIDENCE_MATCH
A00904,B00904,1.0,HIGH_CONFIDENCE_MATCH
A00905,B00905,1.0,HIGH_CONFIDENCE_MATCH
A00906,B00906,1.0,HIGH_CONFIDENCE_MATCH
A00907,B00907,1.0,HIGH_CONFIDENCE_MATCH
A00908,B00908,1.0,HIGH_CONFIDENCE_MATCH
A00909,B00909,1.0,HIGH_CONFIDENCE_MATCH
A00910,B00910,1.0,HIGH_CONFIDENCE_MATCH
A00911,B00911,1.0,HIGH_CONFIDENCE_MATCH
A00912,B00912,1.0,HIGH_CONFIDENCE_MATCH
A00913,B00913,1.0,HIGH_CONFIDENCE_MATCH
A00914,B00914,1.0,HIGH_CONFIDENCE_MATCH
A00915,B00915,1.0,HIGH_CONFIDENCE_MATCH
A00916,B00916,1.0,HIGH_CONFIDENCE_MATCH
A00917,B00917,1.0,HIGH_CONFIDENCE_MATCH
A00918,B00918,1.0,HIGH_CONFIDENCE_MATCH
A00919,B00919,1.0,HIGH_CONFIDENCE_MATCH
A00920,B00920,1.0,HIGH_CONFIDENCE_MATCH
A00921,B00921,1.0,HIGH_CONFIDENCE_MATCH
A00922,B00922,1.0,HIGH_CONFIDENCE_MATCH
A00923,B00923,1.0,HIGH_CONFIDENCE_MATCH
A00924,B00924,1.0,HIGH_CONFIDENCE_MATCH
A00925,B00925,1.0,HIGH_CONFIDENCE_MATCH
A00926,B00926,1.0,HIGH_CONFIDENCE_MATCH
A00927,B00927,1.0,HIGH_CONFIDENCE_MATCH
A00928,B00928,1.0,HIGH_CONFIDENCE_MATCH
A00929,B00929,1.0,HIGH_CONFIDENCE_MATCH
A00930,B00930,1.0,HIGH_CONFIDENCE_MATCH
A00931,B00931,1.0,HIGH_CONFIDENCE_MATCH
A00932,B00932,1.0,HIGH_CONFIDENCE_MATCH
A00933,B00933,1.0,HIGH_CONFIDENCE_MATCH
A00934,B00934,1.0,HIGH_CONFIDENCE_MATCH
A00935,B00935,1.0,HIGH_CONFIDENCE_MATCH
A00936,B00936,1.0,HIGH_CONFIDENCE_MATCH
A00937,B00937,1.0,HIGH_CONFIDENCE_MATCH
A00938,B00938,1.0,HIGH_CONFIDENCE_MATCH
A00939,B00939,1.0,HIGH_CONFIDENCE_MATCH
A00940,B00940,1.0,HIGH_CONFIDENCE_MATCH
A00941,B00941,1.0,HIGH_CONFIDENCE_MATCH
A00942,B00942,0.9789,HIGH_CONFIDENCE_MATCH
A00943,B00943,1.0,HIGH_CONFIDENCE_MATCH
A00944,B00944,1.0,HIGH_CONFIDENCE_MATCH
A00945,B00945,1.0,HIGH_CONFIDENCE_MATCH
A00946,B00946,1.0,HIGH_CONFIDENCE_MATCH
A00947,B00947,1.0,HIGH_CONFIDENCE_MATCH
A00948,B00948,0.9789,HIGH_CONFIDENCE_MATCH
A00949,B00949,1.0,HIGH_CONFIDENCE_MATCH
A00950,B00950,1.0,HIGH_CONFIDENCE_MATCH
A00951,B00951,1.0,HIGH_CONFIDENCE_MATCH
A00952,B00952,1.0,HIGH_CONFIDENCE_MATCH
A00953,B00953,1.0,HIGH_CONFIDENCE_MATCH
A00954,B00954,1.0,HIGH_CONFIDENCE_MATCH
A00955,B00955,1.0,HIGH_CONFIDENCE_MATCH
A00956,B00956,1.0,HIGH_CONFIDENCE_MATCH
A00957,B00957,1.0,HIGH_CONFIDENCE_MATCH
A00958,B00958,1.0,HIGH_CONFIDENCE_MATCH
A00959,B00959,1.0,HIGH_CONFIDENCE_MATCH
A00960,B00960,1.0,HIGH_CONFIDENCE_MATCH
A00961,B00961,1.0,HIGH_CONFIDENCE_MATCH
A00962,B00962,1.0,HIGH_CONFIDENCE_MATCH
A00963,B00963,1.0,HIGH_CONFIDENCE_MATCH
A00964,B00964,1.0,HIGH_CONFIDENCE_MATCH
A00965,B00965,1.0,HIGH_CONFIDENCE_MATCH
A00966,B00966,1.0,HIGH_CONFIDENCE_MATCH
A00967,B00967,1.0,HIGH_CONFIDENCE_MATCH
A00968,B00968,1.0,HIGH_CONFIDENCE_MATCH
A00969,B00969,1.0,HIGH_CONFIDENCE_MATCH
A00970,B00970,1.0,HIGH_CONFIDENCE_MATCH
A00971,B00971,1.0,HIGH_CONFIDENCE_MATCH
A00972,B00972,1.0,HIGH_CONFIDENCE_MATCH
A00973,B00973,1.0,HIGH_CONFIDENCE_MATCH
A00974,B00974,1.0,HIGH_CONFIDENCE_MATCH
A00975,B00975,1.0,HIGH_CONFIDENCE_MATCH
A00976,B00976,1.0,HIGH_CONFIDENCE_MATCH
A00977,B00977,1.0,HIGH_CONFIDENCE_MATCH
A00978,B00978,1.0,HIGH_CONFIDENCE_MATCH
A00979,B00979,1.0,HIGH_CONFIDENCE_MATCH
A00980,B00980,1.0,HIGH_CONFIDENCE_MATCH
A00981,B00981,1.0,HIGH_CONFIDENCE_MATCH
A00982,B00982,1.0,HIGH_CONFIDENCE_MATCH
A00983,B00983,1.0,HIGH_CONFIDENCE_MATCH
A00984,B00984,1.0,HIGH_CONFIDENCE_MATCH
A00985,B00985,1.0,HIGH_CONFIDENCE_MATCH
A00986,B00986,1.0,HIGH_CONFIDENCE_MATCH
A00987,B00987,1.0,HIGH_CONFIDENCE_MATCH
A00988,B00988,1.0,HIGH_CONFIDENCE_MATCH
A00989,B00989,1.0,HIGH_CONFIDENCE_MATCH
A00990,B00990,1.0,HIGH_CONFIDENCE_MATCH
A00991,B00991,1.0,HIGH_CONFIDENCE_MATCH
A00992,B00992,1.0,HIGH_CONFIDENCE_MATCH
A00993,B00993,1.0,HIGH_CONFIDENCE_MATCH
A00994,B00994,1.0,HIGH_CONFIDENCE_MATCH
A00995,B00995,1.0,HIGH_CONFIDENCE_MATCH
A00996,B00996,1.0,HIGH_CONFIDENCE_MATCH
A00997,B00997,1.0,HIGH_CONFIDENCE_MATCH
A00998,B00998,1.0,HIGH_CONFIDENCE_MATCH
A00999,B00999,1.0,HIGH_CONFIDENCE_MATCH
