record_id_a,record_id_b,same_entity
A00510,B00856,0
A00393,B00454,0
A00632,B00671,0
A00117,B00670,0
A00593,B00324,0
A00289,B00146,0
A00301,B00636,0
A00897,B00464,0
A00388,B00328,0
A00772,B00172,0
A00362,B00822,0
A00767,B00219,0
A00704,B00253,0
A00750,B00425,0
A00778,B00238,0
A00995,B00116,0
A00353,B00643,0
A00214,B00172,0
A00538,B00199,0
A00377,B00937,0
A00490,B00407,0
A00039,B00378,0
A00963,B00003,0
A00325,B00605,0
A00173,B00807,0
A00478,B00267,0
A00190,B00770,0
A00169,B00471,0
A00604,B00264,0
A00465,B00445,0
A00365,B00427,0
A00952,B00571,0
A00690,B00478,0
A00418,B00968,0
A00974,B00379,0
A00546,B00731,0
A00814,B00494,0
A00350,B00230,0
A00467,B00181,0
A00543,B00483,0
A00994,B00969,0
A00765,B00905,0
A00442,B00910,0
A00588,B00300,0
A00848,B00399,0
A00230,B00330,0
A00791,B00151,0
A00185,B00103,0
A00970,B00384,0
A00213,B00389,0
A00967,B00467,0
A00667,B00307,0
A00181,B00578,0
A00481,B00780,0
A00805,B00166,0
A00636,B00328,0
A00026,B00339,0
A00672,B00552,0
A00957,B00871,0
A00526,B00946,0
A00778,B00335,0
A00735,B00762,0
A00453,B00845,0
A00098,B00318,0
A00986,B00541,0
A00197,B00617,0
A00547,B00028,0
A00946,B00297,0
A00419,B00706,0
A00843,B00423,0
A00072,B00652,0
A00611,B00787,0
A00263,B00903,0
A00307,B00147,0
A00641,B00361,0
A00471,B00751,0
A00965,B00453,0
A00066,B00087,0
A00099,B00773,0
A00818,B00506,0
A00443,B00345,0
A00948,B00639,0
A00009,B00740,0
A00632,B00072,0
A00974,B00093,0
A00601,B00174,0
A00429,B00972,0
A00374,B00014,0
A00968,B00188,0
A00621,B00741,0
A00147,B00303,0
A00931,B00151,0
A00330,B00979,0
A00774,B00582,0
A00949,B00069,0
A00699,B00571,0
A00490,B00043,0
A00204,B00603,0
A00848,B00168,0
A00155,B00549,0
A00383,B00523,0
A00262,B00342,0
A00209,B00189,0
A00955,B00895,0
A00222,B00523,0
A00279,B00276,0
A00868,B00760,0
A00834,B00195,0
A00874,B00166,0
A00619,B00576,0
A00140,B00123,0
A00118,B00573,0
A00770,B00442,0
A00350,B00329,0
A00730,B00819,0
A00251,B00805,0
A00386,B00139,0
A00045,B00310,0
A00231,B00834,0
A00258,B00398,0
A00716,B00188,0
A00342,B00151,0
A00039,B00789,0
A00773,B00467,0
A00667,B00872,0
A00543,B00234,0
A00021,B00101,0
A00284,B00804,0
A00203,B00921,0
A00463,B00192,0
A00416,B00023,0
A00967,B00602,0
A00912,B00488,0
A00619,B00509,0
A00849,B00712,0
A00109,B00349,0
A00050,B00258,0
A00436,B00787,0
A00926,B00136,0
A00240,B00660,0
A00914,B00214,0
A00357,B00957,0
A00642,B00585,0
A00485,B00387,0
A00790,B00855,0
A00895,B00595,0
A00033,B00783,0
A00478,B00026,0
A00541,B00756,0
A00541,B00441,0
A00968,B00768,0
A00704,B00348,0
A00783,B00843,0
A00330,B00231,0
A00416,B00875,0
A00913,B00008,0
A00892,B00781,0
A00798,B00198,0
A00707,B00710,0
A00186,B00957,0
A00338,B00578,0
A00995,B00913,0
A00291,B00847,0
A00444,B00349,0
A00641,B00920,0
A00140,B00352,0
A00796,B00269,0
A00525,B00685,0
A00592,B00330,0
A00373,B00782,0
A00015,B00795,0
A00608,B00977,0
A00559,B00888,0
A00672,B00191,0
A00544,B00504,0
A00954,B00494,0
A00115,B00935,0
A00495,B00168,0
A00811,B00089,0
A00006,B00903,0
A00474,B00353,0
A00833,B00787,0
A00747,B00219,0
A00345,B00880,0
A00022,B00422,0
A00039,B00212,0
A00151,B00606,0
A00200,B00520,0
A00081,B00992,0
A00259,B00508,0
A00123,B00574,0
A00874,B00486,0
A00258,B00038,0
A00623,B00513,0
A00293,B00975,0
A00456,B00826,0
A00455,B00985,0
A00677,B00520,0
A00063,B00831,0
A00713,B00513,0
A00264,B00404,0
A00589,B00069,0
A00559,B00645,0
A00489,B00369,0
A00388,B00497,0
A00256,B00183,0
A00550,B00913,0
A00788,B00428,0
A00490,B00350,0
A00972,B00274,0
A00501,B00173,0
A00252,B00846,0
A00312,B00012,0
A00526,B00926,0
A00910,B00002,0
A00492,B00732,0
A00815,B00095,0
A00937,B00186,0
A00924,B00705,0
A00918,B00386,0
A00566,B00875,0
A00853,B00855,0
A00508,B00850,0
A00906,B00806,0
A00790,B00382,0
A00771,B00971,0
A00033,B00473,0
A00558,B00445,0
A00310,B00990,0
A00141,B00553,0
A00615,B00703,0
A00172,B00649,0
A00632,B00347,0
A00769,B00849,0
A00882,B00230,0
A00402,B00502,0
A00342,B00335,0
A00920,B00400,0
A00754,B00806,0
A00364,B00250,0
A00500,B00740,0
A00200,B00717,0
A00013,B00130,0
A00449,B00509,0
A00885,B00622,0
A00966,B00804,0
A00429,B00498,0
A00898,B00912,0
A00823,B00403,0
A00307,B00671,0
A00201,B00701,0
A00927,B00287,0
A00944,B00245,0
A00697,B00925,0
A00695,B00510,0
A00835,B00692,0
A00661,B00847,0
A00046,B00037,0
A00168,B00930,0
A00928,B00738,0
A00252,B00352,0
A00358,B00995,0
A00039,B00101,0
A00336,B00316,0
A00728,B00051,0
A00481,B00203,0
A00419,B00270,0
A00106,B00990,0
A00250,B00010,0
A00671,B00110,0
A00851,B00028,0
A00174,B00240,0
A00811,B00134,0
A00939,B00789,0
A00893,B00953,0
A00989,B00525,0
A00760,B00628,0
A00186,B00167,0
A00926,B00853,0
A00698,B00458,0
A00324,B00424,0
A00157,B00017,0
A00223,B00043,0
A00976,B00184,0
A00099,B00199,0
A00778,B00871,0
A00305,B00915,0
A00856,B00689,0
A00172,B00723,0
A00595,B00171,0
A00022,B00575,0
A00403,B00896,0
A00681,B00823,0
A00886,B00242,0
A00379,B00937,0
A00000,B00217,0
A00822,B00035,0
A00610,B00057,0
A00189,B00969,0
A00522,B00547,0
A00486,B00201,0
A00185,B00125,0
A00890,B00390,0
A00599,B00809,0
A00037,B00114,0
A00233,B00591,0
A00772,B00532,0
A00689,B00404,0
A00246,B00806,0
A00740,B00436,0
A00986,B00127,0
A00588,B00816,0
A00708,B00941,0
A00909,B00201,0
A00984,B00524,0
A00239,B00219,0
A00576,B00988,0
A00680,B00747,0
A00384,B00631,0
A00617,B00837,0
A00467,B00265,0
A00967,B00973,0
A00731,B00876,0
A00002,B00062,0
A00113,B00626,0
A00817,B00002,0
A00397,B00250,0
A00659,B00738,0
A00400,B00144,0
A00465,B00017,0
A00354,B00578,0
A00117,B00904,0
A00469,B00088,0
A00845,B00989,0
A00156,B00876,0
A00212,B00370,0
A00214,B00314,0
A00658,B00838,0
A00429,B00549,0
A00540,B00434,0
A00643,B00123,0
A00921,B00924,0
A00400,B00599,0
A00416,B00916,0
A00491,B00950,0
A00202,B00372,0
A00800,B00160,0
A00067,B00225,0
A00092,B00095,0
A00961,B00654,0
A00452,B00104,0
A00233,B00542,0
A00978,B00592,0
A00011,B00963,0
A00576,B00836,0
A00699,B00919,0
A00831,B00550,0
A00784,B00234,0
A00890,B00358,0
A00391,B00872,0
A00497,B00674,0
A00293,B00573,0
A00064,B00668,0
A00855,B00817,0
A00359,B00899,0
A00315,B00342,0
A00575,B00394,0
A00345,B00921,0
A00251,B00216,0
A00330,B00868,0
A00740,B00453,0
A00298,B00161,0
A00615,B00708,0
A00449,B00194,0
A00976,B00656,0
A00015,B00570,0
A00136,B00860,0
A00496,B00921,0
A00417,B00610,0
A00706,B00315,0
A00537,B00176,0
A00129,B00412,0
A00307,B00121,0
A00851,B00237,0
A00013,B00053,0
A00215,B00470,0
A00563,B00623,0
A00848,B00820,0
A00269,B00870,0
A00671,B00412,0
A00162,B00150,0
A00402,B00242,0
A00008,B00379,0
A00272,B00857,0
A00785,B00965,0
A00554,B00433,0
A00923,B00943,0
A00203,B00697,0
A00508,B00828,0
A00334,B00314,0
A00190,B00167,0
A00169,B00449,0
A00339,B00839,0
A00716,B00983,0
A00747,B00489,0
A00821,B00453,0
A00387,B00816,0
A00515,B00815,0
A00701,B00461,0
A00397,B00534,0
A00694,B00554,0
A00481,B00441,0
A00262,B00882,0
A00481,B00888,0
A00065,B00463,0
A00062,B00177,0
A00257,B00693,0
A00779,B00561,0
A00673,B00442,0
A00992,B00092,0
A00162,B00206,0
A00607,B00856,0
A00430,B00950,0
A00210,B00537,0
A00159,B00982,0
A00835,B00827,0
A00847,B00500,0
A00894,B00121,0
A00707,B00456,0
A00348,B00647,0
A00692,B00926,0
A00076,B00761,0
A00305,B00833,0
A00065,B00452,0
A00975,B00079,0
A00972,B00943,0
A00016,B00096,0
A00833,B00413,0
A00622,B00046,0
A00143,B00670,0
A00116,B00776,0
A00307,B00107,0
A00029,B00250,0
A00791,B00584,0
A00102,B00288,0
A00085,B00790,0
A00567,B00807,0
A00972,B00612,0
A00008,B00487,0
A00858,B00227,0
A00184,B00266,0
A00536,B00246,0
A00948,B00553,0
A00248,B00308,0
A00419,B00819,0
A00727,B00991,0
A00714,B00786,0
A00916,B00754,0
A00580,B00652,0
A00430,B00470,0
A00454,B00915,0
A00396,B00231,0
A00451,B00751,0
A00250,B00454,0
A00142,B00042,0
A00380,B00922,0
A00747,B00455,0
A00911,B00895,0
A00745,B00752,0
A00949,B00622,0
A00203,B00163,0
A00487,B00890,0
A00328,B00885,0
A00343,B00572,0
A00795,B00207,0
A00807,B00527,0
A00433,B00373,0
A00297,B00002,0
A00386,B00808,0
A00088,B00603,0
A00207,B00747,0
A00058,B00739,0
A00938,B00658,0
A00364,B00663,0
A00497,B00437,0
A00707,B00527,0
A00759,B00544,0
A00369,B00792,0
A00907,B00042,0
A00507,B00261,0
A00067,B00287,0
A00750,B00842,0
A00200,B00580,0
A00361,B00589,0
A00464,B00715,0
A00543,B00980,0
A00304,B00375,0
A00828,B00181,0
A00047,B00043,0
A00115,B00615,0
A00929,B00270,0
A00531,B00197,0
A00912,B00991,0
A00717,B00757,0
A00489,B00709,0
A00300,B00998,0
A00772,B00376,0
A00615,B00315,0
A00197,B00478,0
A00623,B00693,0
A00840,B00852,0
A00646,B00886,0
A00745,B00333,0
A00882,B00980,0
A00725,B00628,0
A00600,B00383,0
A00708,B00237,0
A00288,B00105,0
A00373,B00653,0
A00102,B00915,0
A00763,B00003,0
A00528,B00409,0
A00307,B00907,0
A00863,B00605,0
A00746,B00226,0
A00420,B00566,0
A00354,B00334,0
A00426,B00901,0
A00507,B00139,0
A00562,B00142,0
A00634,B00554,0
A00504,B00104,0
A00052,B00679,0
A00309,B00454,0
A00125,B00472,0
A00019,B00079,0
A00630,B00694,0
A00448,B00767,0
A00608,B00417,0
A00877,B00317,0
A00025,B00525,0
A00870,B00350,0
A00685,B00425,0
A00011,B00200,0
A00382,B00002,0
A00951,B00774,0
A00617,B00237,0
A00083,B00311,0
A00352,B00396,0
A00561,B00487,0
A00451,B00911,0
A00264,B00724,0
A00732,B00854,0
A00457,B00557,0
A00695,B00184,0
A00482,B00004,0
A00080,B00718,0
A00539,B00499,0
A00701,B00081,0
A00282,B00542,0
A00275,B00415,0
A00193,B00206,0
A00885,B00265,0
A00692,B00663,0
A00031,B00738,0
A00992,B00806,0
A00619,B00576,0
A00860,B00660,0
A00453,B00973,0
A00409,B00601,0
A00820,B00832,0
A00353,B00925,0
A00816,B00236,0
A00243,B00323,0
A00894,B00797,0
A00358,B00642,0
A00180,B00536,0
A00091,B00515,0
A00345,B00328,0
A00563,B00863,0
A00577,B00754,0
A00412,B00441,0
A00392,B00087,0
A00216,B00296,0
A00281,B00811,0
A00022,B00202,0
A00027,B00227,0
A00307,B00072,0
A00169,B00329,0
A00827,B00109,0
A00817,B00479,0
A00139,B00347,0
A00056,B00337,0
A00054,B00007,0
A00228,B00848,0
A00404,B00742,0
A00210,B00212,0
A00014,B00556,0
A00557,B00357,0
A00023,B00563,0
A00212,B00706,0
A00214,B00428,0
A00979,B00573,0
A00475,B00004,0
A00325,B00837,0
A00181,B00411,0
A00089,B00398,0
A00933,B00971,0
A00918,B00582,0
A00657,B00641,0
A00329,B00289,0
A00991,B00131,0
A00727,B00647,0
A00345,B00692,0
A00937,B00473,0
A00941,B00427,0
A00286,B00186,0
A00765,B00760,0
A00709,B00841,0
A00014,B00452,0
A00448,B00027,0
A00375,B00174,0
A00508,B00568,0
A00033,B00083,0
A00736,B00216,0
A00785,B00939,0
A00468,B00308,0
A00560,B00940,0
A00528,B00617,0
A00258,B00530,0
A00776,B00817,0
A00443,B00598,0
A00336,B00157,0
A00037,B00057,0
A00807,B00260,0
A00448,B00029,0
A00966,B00735,0
A00333,B00413,0
A00474,B00207,0
A00889,B00604,0
A00490,B00297,0
A00832,B00887,0
A00790,B00210,0
A00614,B00749,0
A00430,B00800,0
A00544,B00017,0
A00525,B00309,0
A00219,B00719,0
A00395,B00939,0
A00179,B00759,0
A00273,B00826,0
A00434,B00029,0
A00646,B00461,0
A00587,B00087,0
A00556,B00116,0
A00792,B00969,0
A00832,B00474,0
A00074,B00954,0
A00876,B00516,0
A00348,B00248,0
A00568,B00848,0
A00762,B00483,0
A00021,B00457,0
A00230,B00168,0
A00404,B00324,0
A00228,B00247,0
A00750,B00390,0
A00707,B00147,0
A00445,B00296,0
A00576,B00356,0
A00872,B00093,0
A00034,B00617,0
A00572,B00110,0
A00252,B00732,0
A00219,B00515,0
A00153,B00245,0
A00065,B00005,0
A00924,B00654,0
A00784,B00883,0
A00876,B00476,0
A00605,B00225,0
A00984,B00138,0
A00827,B00271,0
A00567,B00441,0
A00839,B00413,0
A00268,B00348,0
A00353,B00199,0
A00911,B00531,0
A00494,B00666,0
A00940,B00423,0
A00894,B00311,0
A00015,B00983,0
A00045,B00545,0
A00733,B00933,0
A00672,B00670,0
A00597,B00888,0
A00006,B00470,0
A00678,B00778,0
A00533,B00673,0
A00185,B00121,0
A00775,B00724,0
A00085,B00705,0
A00622,B00621,0
A00720,B00620,0
A00772,B00064,0
A00132,B00259,0
A00493,B00537,0
A00746,B00546,0
A00321,B00105,0
A00500,B00446,0
A00067,B00776,0
A00041,B00507,0
A00838,B00518,0
A00601,B00220,0
A00250,B00030,0
A00643,B00623,0
A00334,B00004,0
A00800,B00709,0
A00891,B00371,0
A00741,B00081,0
A00346,B00605,0
A00157,B00337,0
A00661,B00695,0
A00169,B00478,0
A00966,B00673,0
A00001,B00411,0
A00502,B00044,0
A00632,B00612,0
A00841,B00198,0
A00964,B00888,0
A00084,B00624,0
A00183,B00423,0
A00146,B00738,0
A00789,B00269,0
A00951,B00459,0
A00950,B00890,0
A00885,B00377,0
A00757,B00120,0
A00478,B00050,0
A00178,B00360,0
A00244,B00694,0
A00734,B00069,0
A00942,B00980,0
A00426,B00166,0
A00483,B00701,0
A00934,B00174,0
A00408,B00068,0
A00329,B00157,0
A00309,B00911,0
A00573,B00670,0
A00451,B00819,0
A00137,B00076,0
A00824,B00564,0
A00940,B00040,0
A00058,B00354,0
A00721,B00981,0
A00343,B00751,0
A00723,B00258,0
A00089,B00458,0
A00936,B00874,0
A00132,B00106,0
A00552,B00652,0
A00323,B00257,0
A00356,B00736,0
A00550,B00709,0
A00966,B00286,0
A00477,B00797,0
A00673,B00913,0
A00654,B00794,0
A00365,B00705,0
A00486,B00058,0
A00196,B00136,0
A00530,B00030,0
A00826,B00054,0
A00835,B00575,0
A00823,B00388,0
A00103,B00143,0
A00016,B00358,0
A00851,B00351,0
A00916,B00713,0
A00423,B00790,0
A00808,B00635,0
A00171,B00201,0
A00226,B00955,0
A00331,B00935,0
A00255,B00004,0
A00389,B00020,0
A00436,B00045,0
A00799,B00359,0
A00207,B00598,0
A00396,B00925,0
A00187,B00154,0
A00970,B00354,0
A00286,B00377,0
A00207,B00088,0
A00052,B00852,0
A00257,B00897,0
A00945,B00724,0
A00040,B00014,0
A00188,B00728,0
A00421,B00012,0
A00866,B00483,0
A00146,B00124,0
A00107,B00047,0
A00952,B00818,0
A00705,B00014,0
A00559,B00239,0
A00174,B00175,0
A00814,B00327,0
A00050,B00751,0
A00197,B00261,0
A00632,B00610,0
A00090,B00471,0
A00776,B00817,0
A00700,B00642,0
A00002,B00062,0
A00966,B00666,0
A00647,B00425,0
A00358,B00595,0
A00425,B00045,0
A00932,B00492,0
A00263,B00401,0
A00105,B00324,0
A00939,B00402,0
A00604,B00338,0
A00649,B00929,0
A00577,B00757,0
A00765,B00171,0
A00627,B00067,0
A00930,B00068,0
A00240,B00842,0
A00029,B00475,0
A00385,B00256,0
A00014,B00394,0
A00856,B00836,0
A00844,B00598,0
A00515,B00714,0
A00507,B00247,0
A00871,B00433,0
A00256,B00136,0
A00963,B00123,0
A00735,B00784,0
A00499,B00399,0
A00698,B00667,0
A00231,B00831,0
A00812,B00332,0
A00703,B00863,0
A00179,B00519,0
A00286,B00344,0
A00646,B00350,0
A00255,B00055,0
A00902,B00937,0
A00504,B00547,0
A00684,B00143,0
A00649,B00729,0
A00962,B00562,0
A00068,B00161,0
A00500,B00489,0
A00820,B00180,0
A00910,B00947,0
A00205,B00982,0
A00845,B00185,0
A00840,B00603,0
A00448,B00276,0
A00587,B00990,0
A00293,B00753,0
A00866,B00544,0
A00771,B00713,0
A00300,B00396,0
A00319,B00623,0
A00874,B00974,0
A00424,B00765,0
A00182,B00160,0
A00365,B00805,0
A00401,B00560,0
A00260,B00840,0
A00047,B00527,0
A00342,B00598,0
A00010,B00030,0
A00119,B00411,0
A00721,B00885,0
A00876,B00474,0
A00860,B00120,0
A00312,B00002,0
A00731,B00410,0
A00812,B00060,0
A00418,B00698,0
A00024,B00704,0
A00446,B00635,0
A00374,B00509,0
A00968,B00382,0
A00441,B00025,0
A00008,B00745,0
A00670,B00930,0
A00123,B00274,0
A00605,B00604,0
A00176,B00398,0
A00592,B00152,0
A00660,B00126,0
A00094,B00262,0
A00888,B00522,0
A00890,B00730,0
A00105,B00776,0
A00327,B00542,0
A00615,B00955,0
A00833,B00608,0
A00331,B00603,0
A00413,B00938,0
A00968,B00379,0
A00194,B00872,0
A00196,B00579,0
A00012,B00300,0
A00046,B00043,0
A00641,B00489,0
A00509,B00844,0
A00802,B00462,0
A00333,B00753,0
A00686,B00426,0
A00074,B00862,0
A00492,B00347,0
A00520,B00880,0
A00781,B00191,0
A00793,B00436,0
A00296,B00406,0
A00955,B00383,0
A00040,B00493,0
A00172,B00472,0
A00504,B00369,0
A00475,B00992,0
A00808,B00148,0
A00334,B00190,0
A00917,B00726,0
A00912,B00944,0
A00196,B00260,0
A00665,B00897,0
A00465,B00166,0
A00075,B00815,0
A00009,B00440,0
A00775,B00700,0
A00777,B00617,0
A00173,B00578,0
A00407,B00517,0
A00882,B00275,0
A00913,B00626,0
A00094,B00194,0
A00826,B00928,0
A00641,B00101,0
A00174,B00928,0
A00254,B00491,0
A00055,B00528,0
A00236,B00556,0
A00903,B00015,0
A00103,B00683,0
A00221,B00761,0
A00489,B00249,0
A00676,B00620,0
A00992,B00619,0
A00718,B00328,0
A00695,B00248,0
A00310,B00894,0
A00197,B00543,0
A00833,B00393,0
A00962,B00022,0
A00589,B00313,0
A00465,B00125,0
A00425,B00496,0
A00967,B00947,0
A00994,B00188,0
A00926,B00341,0
A00220,B00799,0
A00146,B00486,0
A00569,B00509,0
A00436,B00836,0
A00595,B00341,0
A00489,B00685,0
A00867,B00307,0
A00053,B00301,0
A00018,B00292,0
A00906,B00895,0
A00031,B00805,0
A00847,B00807,0
A00354,B00868,0
A00669,B00010,0
A00851,B00891,0
A00703,B00788,0
A00881,B00552,0
A00172,B00734,0
A00334,B00894,0
A00967,B00935,0
A00629,B00274,0
A00052,B00655,0
A00645,B00814,0
A00520,B00793,0
A00549,B00369,0
A00793,B00353,0
A00857,B00217,0
A00421,B00830,0
A00120,B00376,0
A00131,B00203,0
A00016,B00264,0
A00310,B00478,0
A00577,B00471,0
A00619,B00453,0
A00516,B00704,0
A00424,B00304,0
A00449,B00109,0
A00540,B00508,0
A00739,B00826,0
A00259,B00918,0
A00651,B00847,0
A00619,B00801,0
A00737,B00254,0
A00823,B00841,0
A00662,B00322,0
A00934,B00258,0
A00150,B00366,0
A00505,B00945,0
A00576,B00814,0
A00541,B00761,0
A00333,B00634,0
A00463,B00156,0
A00756,B00502,0
A00804,B00044,0
A00197,B00097,0
A00332,B00629,0
A00973,B00853,0
A00556,B00610,0
A00152,B00592,0
A00422,B00453,0
A00523,B00224,0
A00356,B00636,0
A00594,B00822,0
A00398,B00098,0
A00291,B00006,0
A00038,B00084,0
A00688,B00988,0
A00481,B00370,0
A00228,B00382,0
A00737,B00535,0
A00767,B00462,0
A00222,B00389,0
A00382,B00869,0
A00691,B00431,0
A00748,B00386,0
A00424,B00223,0
A00956,B00043,0
A00159,B00199,0
A00032,B00180,0
A00611,B00319,0
A00289,B00373,0
A00496,B00250,0
A00300,B00998,0
A00894,B00516,0
A00880,B00760,0
A00415,B00761,0
A00784,B00357,0
A00145,B00909,0
A00632,B00919,0
A00644,B00095,0
A00802,B00624,0
A00191,B00559,0
A00925,B00105,0
A00048,B00568,0
A00479,B00903,0
A00341,B00144,0
A00797,B00357,0
A00789,B00902,0
A00592,B00469,0
A00500,B00774,0
A00315,B00195,0
A00876,B00236,0
A00255,B00546,0
A00918,B00174,0
A00743,B00019,0
A00312,B00347,0
A00483,B00163,0
A00521,B00072,0
A00711,B00031,0
A00704,B00624,0
A00273,B00332,0
A00603,B00298,0
A00003,B00803,0
A00585,B00414,0
A00184,B00427,0
A00529,B00569,0
A00625,B00610,0
A00101,B00241,0
A00975,B00135,0
A00828,B00135,0
A00963,B00903,0
A00692,B00925,0
A00122,B00247,0
A00389,B00174,0
A00553,B00667,0
A00613,B00040,0
A00526,B00706,0
A00446,B00266,0
A00263,B00793,0
A00359,B00079,0
A00411,B00631,0
A00027,B00869,0
A00212,B00073,0
A00543,B00943,0
A00530,B00203,0
A00708,B00748,0
A00889,B00429,0
A00655,B00478,0
A00680,B00135,0
A00928,B00129,0
A00797,B00275,0
A00717,B00724,0
A00582,B00957,0
A00563,B00386,0
A00485,B00118,0
A00049,B00809,0
A00556,B00120,0
A00460,B00606,0
A00222,B00789,0
A00837,B00557,0
A00808,B00728,0
A00652,B00653,0
A00528,B00108,0
A00297,B00247,0
A00068,B00488,0
A00657,B00465,0
A00467,B00446,0
A00671,B00111,0
A00966,B00258,0
A00267,B00847,0
A00132,B00537,0
A00921,B00781,0
A00374,B00212,0
A00600,B00263,0
A00614,B00746,0
A00933,B00353,0
A00793,B00137,0
A00980,B00460,0
A00114,B00229,0
A00348,B00868,0
A00403,B00663,0
A00155,B00295,0
A00577,B00753,0
A00924,B00979,0
A00985,B00389,0
A00965,B00507,0
A00231,B00627,0
A00296,B00186,0
A00107,B00888,0
A00294,B00245,0
A00719,B00057,0
A00500,B00580,0
A00926,B00281,0
A00496,B00697,0
A00453,B00691,0
A00628,B00708,0
A00697,B00195,0
A00890,B00371,0
A00957,B00676,0
A00660,B00519,0
A00271,B00972,0
A00732,B00159,0
A00750,B00230,0
A00852,B00212,0
A00914,B00754,0
A00674,B00754,0
A00789,B00009,0
A00600,B00668,0
A00060,B00469,0
A00211,B00076,0
A00989,B00829,0
A00269,B00114,0
A00986,B00333,0
A00329,B00751,0
A00517,B00117,0
A00964,B00724,0
A00338,B00840,0
A00239,B00679,0
A00760,B00780,0
A00658,B00167,0
A00871,B00987,0
A00968,B00488,0
A00505,B00438,0
A00538,B00661,0
A00561,B00223,0
A00049,B00380,0
A00683,B00809,0
A00680,B00880,0
A00572,B00403,0
A00469,B00558,0
A00846,B00732,0
A00002,B00118,0
A00659,B00661,0
A00313,B00453,0
A00727,B00586,0
A00867,B00207,0
A00773,B00833,0
A00412,B00752,0
A00045,B00090,0
A00106,B00632,0
A00508,B00528,0
A00904,B00358,0
A00035,B00795,0
A00934,B00400,0
A00185,B00702,0
A00506,B00886,0
A00548,B00783,0
A00461,B00842,0
A00610,B00070,0
A00872,B00852,0
A00459,B00779,0
A00142,B00648,0
A00376,B00636,0
A00397,B00525,0
A00990,B00875,0
A00110,B00610,0
A00610,B00507,0
A00099,B00699,0
A00100,B00641,0
A00604,B00014,0
A00138,B00698,0
A00768,B00720,0
A00503,B00183,0
A00224,B00016,0
A00115,B00215,0
A00900,B00680,0
A00924,B00464,0
A00410,B00010,0
A00871,B00211,0
A00325,B00425,0
A00800,B00157,0
A00584,B00415,0
A00165,B00385,0
A00285,B00525,0
A00927,B00760,0
A00507,B00846,0
A00745,B00407,0
A00065,B00825,0
A00536,B00821,0
A00741,B00761,0
A00762,B00776,0
A00601,B00766,0
A00476,B00887,0
A00946,B00899,0
A00010,B00210,0
A00191,B00771,0
A00827,B00406,0
A00599,B00607,0
A00678,B00289,0
A00019,B00639,0
A00139,B00399,0
A00137,B00674,0
A00461,B00682,0
A00257,B00997,0
A00334,B00103,0
A00923,B00743,0
A00690,B00570,0
A00529,B00989,0
A00987,B00264,0
A00361,B00401,0
A00950,B00809,0
A00371,B00743,0
A00747,B00887,0
A00141,B00301,0
A00313,B00826,0
A00267,B00328,0
A00756,B00186,0
A00993,B00477,0
A00355,B00575,0
A00599,B00656,0
A00654,B00166,0
A00585,B00709,0
A00275,B00063,0
A00277,B00583,0
A00332,B00336,0
A00878,B00698,0
A00445,B00907,0
A00434,B00127,0
A00509,B00891,0
A00484,B00624,0
A00926,B00452,0
A00822,B00777,0
A00605,B00017,0
A00094,B00394,0
A00263,B00600,0
A00234,B00916,0
A00842,B00488,0
A00130,B00640,0
A00032,B00886,0
A00586,B00754,0
A00900,B00547,0
A00025,B00034,0
A00048,B00948,0
A00533,B00956,0
A00025,B00371,0
A00111,B00438,0
A00921,B00108,0
A00543,B00975,0
A00605,B00272,0
A00948,B00048,0
A00021,B00102,0
A00383,B00183,0
A00652,B00133,0
A00913,B00747,0
A00152,B00680,0
A00193,B00566,0
A00901,B00881,0
A00606,B00226,0
A00708,B00302,0
A00125,B00021,0
A00856,B00664,0
A00748,B00855,0
A00130,B00670,0
A00178,B00338,0
A00785,B00157,0
A00319,B00987,0
A00101,B00530,0
A00300,B00920,0
A00443,B00201,0
A00887,B00344,0
A00397,B00051,0
A00702,B00159,0
A00105,B00523,0
A00803,B00341,0
A00501,B00981,0
A00359,B00059,0
A00851,B00089,0
A00730,B00791,0
A00867,B00097,0
A00936,B00281,0
A00081,B00680,0
A00657,B00637,0
A00753,B00933,0
A00995,B00797,0
A00693,B00461,0
A00715,B00182,0
A00748,B00778,0
A00071,B00062,0
A00069,B00623,0
A00233,B00222,0
A00569,B00709,0
A00676,B00716,0
A00894,B00811,0
A00273,B00631,0
A00972,B00034,0
A00147,B00887,0
A00493,B00013,0
A00496,B00298,0
A00048,B00328,0
A00540,B00580,0
A00278,B00984,0
A00879,B00099,0
A00863,B00607,0
A00465,B00095,0
A00454,B00918,0
A00825,B00765,0
A00507,B00311,0
A00313,B00333,0
A00098,B00838,0
A00466,B00950,0
A00386,B00687,0
A00261,B00903,0
A00988,B00528,0
A00130,B00370,0
A00808,B00388,0
A00192,B00088,0
A00645,B00390,0
A00439,B00291,0
A00612,B00712,0
A00943,B00463,0
A00205,B00080,0
A00587,B00424,0
A00612,B00485,0
A00021,B00981,0
A00104,B00886,0
A00425,B00756,0
A00153,B00407,0
A00413,B00073,0
A00086,B00771,0
A00433,B00582,0
A00140,B00480,0
A00386,B00606,0
A00454,B00765,0
A00998,B00090,0
A00202,B00644,0
A00879,B00399,0
A00076,B00417,0
A00915,B00639,0
A00114,B00994,0
A00121,B00143,0
A00705,B00672,0
A00080,B00357,0
A00846,B00222,0
A00014,B00287,0
A00561,B00500,0
A00486,B00906,0
A00299,B00399,0
A00429,B00069,0
A00094,B00770,0
A00145,B00539,0
A00382,B00023,0
A00577,B00717,0
A00198,B00470,0
A00495,B00638,0
A00104,B00506,0
A00388,B00408,0
A00703,B00951,0
A00027,B00487,0
A00273,B00113,0
A00484,B00358,0
A00727,B00635,0
A00392,B00784,0
A00584,B00541,0
A00439,B00797,0
A00124,B00434,0
A00312,B00008,0
A00692,B00538,0
A00330,B00464,0
A00068,B00048,0
A00197,B00411,0
A00628,B00767,0
A00089,B00723,0
A00828,B00243,0
A00877,B00882,0
A00231,B00291,0
A00261,B00937,0
A00182,B00272,0
A00867,B00667,0
A00853,B00533,0
A00466,B00087,0
A00106,B00886,0
A00017,B00371,0
A00791,B00216,0
A00586,B00447,0
A00524,B00764,0
A00284,B00264,0
A00319,B00219,0
A00021,B00741,0
A00514,B00874,0
A00083,B00216,0
A00982,B00594,0
A00322,B00088,0
A00546,B00106,0
A00805,B00355,0
A00300,B00390,0
A00985,B00046,0
A00678,B00795,0
A00890,B00670,0
A00608,B00209,0
A00457,B00355,0
A00749,B00127,0
A00180,B00060,0
A00223,B00023,0
A00148,B00848,0
A00925,B00429,0
A00751,B00316,0
A00047,B00477,0
A00431,B00831,0
A00251,B00076,0
A00268,B00401,0
A00587,B00927,0
A00887,B00951,0
A00078,B00415,0
A00892,B00752,0
A00471,B00575,0
A00404,B00164,0
A00011,B00371,0
A00521,B00121,0
A00594,B00674,0
A00358,B00605,0
A00305,B00297,0
A00535,B00835,0
A00592,B00541,0
A00751,B00200,0
A00142,B00917,0
A00823,B00805,0
A00865,B00085,0
A00786,B00596,0
A00288,B00690,0
A00895,B00910,0
A00570,B00310,0
A00915,B00653,0
A00777,B00441,0
A00153,B00233,0
A00158,B00489,0
A00223,B00503,0
A00808,B00701,0
A00815,B00711,0
A00473,B00233,0
A00201,B00929,0
A00402,B00491,0
A00083,B00043,0
A00516,B00764,0
A00398,B00786,0
A00800,B00013,0
A00223,B00483,0
A00489,B00076,0
A00135,B00059,0
A00251,B00190,0
A00525,B00211,0
A00412,B00552,0
A00723,B00328,0
A00944,B00306,0
A00477,B00737,0
A00695,B00735,0
A00553,B00752,0
A00034,B00485,0
A00901,B00991,0
A00527,B00650,0
A00023,B00406,0
A00948,B00418,0
A00955,B00084,0
A00903,B00698,0
A00572,B00932,0
A00004,B00140,0
A00682,B00487,0
A00147,B00082,0
A00441,B00321,0
A00434,B00494,0
A00797,B00971,0
A00708,B00953,0
A00560,B00460,0
A00897,B00657,0
A00117,B00639,0
A00906,B00106,0
A00427,B00624,0
A00272,B00252,0
A00214,B00358,0
A00923,B00453,0
A00284,B00709,0
A00387,B00702,0
A00823,B00602,0
A00570,B00196,0
A00655,B00593,0
A00488,B00908,0
A00343,B00143,0
A00740,B00929,0
A00751,B00312,0
A00367,B00855,0
A00773,B00193,0
A00611,B00912,0
A00498,B00410,0
A00521,B00601,0
A00999,B00099,0
A00569,B00689,0
A00975,B00838,0
A00761,B00241,0
A00524,B00073,0
A00504,B00987,0
A00261,B00421,0
A00045,B00125,0
A00226,B00706,0
A00355,B00611,0
A00910,B00329,0
A00255,B00575,0
A00741,B00889,0
A00316,B00064,0
A00426,B00964,0
A00879,B00880,0
A00402,B00873,0
A00241,B00351,0
A00548,B00679,0
A00653,B00544,0
A00231,B00281,0
A00686,B00048,0
A00234,B00354,0
A00879,B00839,0
A00757,B00236,0
A00658,B00306,0
A00913,B00363,0
A00468,B00668,0
A00969,B00889,0
A00465,B00865,0
A00226,B00039,0
A00488,B00448,0
A00412,B00011,0
A00011,B00262,0
A00661,B00134,0
A00565,B00656,0
A00534,B00271,0
A00899,B00467,0
A00479,B00158,0
A00967,B00047,0
A00964,B00684,0
A00183,B00163,0
A00185,B00144,0
A00903,B00915,0
A00662,B00840,0
A00455,B00795,0
A00201,B00875,0
A00636,B00296,0
A00863,B00483,0
A00632,B00806,0
A00003,B00887,0
A00473,B00280,0
A00724,B00038,0
A00735,B00726,0
A00516,B00206,0
A00806,B00716,0
A00305,B00198,0
A00127,B00107,0
A00532,B00068,0
A00774,B00953,0
A00191,B00936,0
A00337,B00235,0
A00106,B00806,0
A00281,B00181,0
A00807,B00403,0
A00058,B00315,0
A00807,B00305,0
A00310,B00946,0
A00519,B00859,0
A00458,B00258,0
A00171,B00391,0
A00613,B00453,0
A00899,B00736,0
A00186,B00026,0
A00836,B00879,0
A00782,B00417,0
A00569,B00525,0
A00058,B00378,0
A00232,B00272,0
A00908,B00047,0
A00110,B00359,0
A00662,B00462,0
A00674,B00963,0
A00946,B00511,0
A00150,B00240,0
A00880,B00856,0
A00272,B00406,0
A00635,B00382,0
A00487,B00694,0
A00964,B00248,0
A00962,B00525,0
A00160,B00615,0
A00547,B00211,0
A00528,B00608,0
A00936,B00065,0
A00967,B00631,0
A00863,B00313,0
A00605,B00745,0
A00193,B00746,0
A00642,B00662,0
A00188,B00228,0
A00071,B00253,0
A00924,B00222,0
A00959,B00010,0
A00012,B00770,0
A00426,B00846,0
A00242,B00461,0
A00261,B00241,0
A00169,B00129,0
A00396,B00036,0
A00298,B00017,0
A00903,B00300,0
A00091,B00365,0
A00364,B00980,0
A00206,B00586,0
A00593,B00218,0
A00016,B00513,0
A00031,B00946,0
A00256,B00181,0
A00200,B00913,0
A00421,B00393,0
A00274,B00876,0
A00758,B00078,0
A00920,B00440,0
A00563,B00182,0
A00324,B00297,0
A00352,B00472,0
A00475,B00022,0
A00219,B00986,0
A00961,B00029,0
A00450,B00487,0
A00836,B00036,0
A00150,B00508,0
A00314,B00353,0
A00757,B00103,0
A00184,B00748,0
A00048,B00388,0
A00583,B00502,0
A00398,B00145,0
A00845,B00607,0
A00904,B00297,0
A00285,B00931,0
A00509,B00366,0
A00440,B00281,0
A00599,B00329,0
A00263,B00358,0
A00919,B00879,0
A00113,B00513,0
A00944,B00346,0
A00831,B00210,0
A00636,B00398,0
A00235,B00635,0
A00726,B00825,0
A00222,B00802,0
A00979,B00140,0
A00477,B00177,0
A00161,B00861,0
A00241,B00466,0
A00929,B00986,0
A00339,B00559,0
A00000,B00780,0
A00565,B00065,0
A00827,B00478,0
A00393,B00780,0
A00631,B00222,0
A00239,B00059,0
A00824,B00444,0
A00899,B00887,0
A00073,B00739,0
A00090,B00099,0
A00934,B00594,0
A00588,B00280,0
A00768,B00048,0
A00451,B00600,0
A00449,B00829,0
A00153,B00973,0
A00337,B00240,0
A00094,B00494,0
A00092,B00233,0
A00940,B00288,0
A00959,B00719,0
A00306,B00365,0
A00472,B00232,0
A00992,B00472,0
A00658,B00105,0
A00991,B00791,0
A00279,B00762,0
A00242,B00963,0
A00127,B00967,0
A00678,B00748,0
A00021,B00165,0
A00531,B00431,0
A00714,B00695,0
A00304,B00955,0
A00941,B00085,0
A00144,B00989,0
A00857,B00477,0
A00614,B00552,0
A00942,B00991,0
A00513,B00292,0
A00531,B00611,0
A00752,B00336,0
A00293,B00185,0
A00957,B00154,0
A00337,B00393,0
A00507,B00667,0
A00706,B00086,0
A00334,B00375,0
A00124,B00225,0
A00063,B00079,0
A00966,B00946,0
A00140,B00834,0
A00030,B00644,0
A00633,B00733,0
A00099,B00233,0
A00352,B00295,0
A00787,B00965,0
A00833,B00373,0
A00940,B00065,0
A00577,B00777,0
A00888,B00227,0
A00841,B00302,0
A00411,B00317,0
A00458,B00118,0
A00791,B00699,0
A00505,B00385,0
A00965,B00265,0
A00653,B00779,0
A00088,B00065,0
A00207,B00667,0
A00547,B00435,0
A00489,B00030,0
A00211,B00251,0
A00408,B00508,0
A00994,B00494,0
A00519,B00679,0
A00176,B00099,0
A00523,B00237,0
A00435,B00842,0
A00784,B00384,0
A00009,B00979,0
A00496,B00112,0
A00606,B00428,0
A00621,B00521,0
A00584,B00984,0
A00988,B00149,0
A00952,B00652,0
A00450,B00994,0
A00779,B00108,0
A00050,B00848,0
A00454,B00943,0
A00922,B00242,0
A00403,B00701,0
A00134,B00514,0
A00854,B00634,0
A00723,B00623,0
A00407,B00070,0
A00558,B00929,0
A00765,B00065,0
A00989,B00001,0
A00201,B00855,0
A00740,B00881,0
A00523,B00703,0
A00141,B00435,0
A00070,B00650,0
A00929,B00884,0
A00932,B00472,0
A00567,B00305,0
A00572,B00269,0
A00117,B00595,0
A00288,B00458,0
A00724,B00929,0
A00826,B00146,0
A00876,B00177,0
A00605,B00705,0
A00501,B00595,0
A00238,B00455,0
A00374,B00554,0
A00718,B00907,0
A00041,B00924,0
A00169,B00050,0
A00410,B00462,0
A00523,B00074,0
A00254,B00314,0
A00668,B00814,0
A00467,B00224,0
A00677,B00142,0
A00793,B00993,0
A00431,B00235,0
A00196,B00636,0
A00003,B00203,0
A00775,B00101,0
A00424,B00995,0
A00105,B00995,0
A00617,B00977,0
A00988,B00381,0
A00219,B00425,0
A00454,B00844,0
A00139,B00219,0
A00309,B00077,0
A00748,B00568,0
A00161,B00941,0
A00175,B00041,0
A00826,B00870,0
A00738,B00764,0
A00133,B00933,0
A00331,B00851,0
A00847,B00549,0
A00441,B00022,0
A00980,B00868,0
A00444,B00393,0
A00419,B00499,0
A00801,B00825,0
A00690,B00674,0
A00039,B00838,0
A00261,B00434,0
A00557,B00977,0
A00387,B00676,0
A00892,B00812,0
A00004,B00898,0
A00522,B00953,0
A00096,B00856,0
A00052,B00957,0
A00037,B00763,0
A00921,B00821,0
A00817,B00731,0
A00930,B00532,0
A00770,B00833,0
A00462,B00257,0
A00152,B00280,0
A00630,B00450,0
A00907,B00687,0
A00727,B00462,0
A00329,B00719,0
A00666,B00980,0
A00115,B00131,0
A00254,B00481,0
A00820,B00160,0
A00534,B00444,0
A00811,B00066,0
A00378,B00916,0
A00105,B00305,0
A00438,B00497,0
A00053,B00260,0
A00978,B00672,0
A00770,B00628,0
A00651,B00134,0
A00319,B00939,0
A00159,B00389,0
A00924,B00786,0
A00395,B00037,0
A00679,B00749,0
A00067,B00007,0
A00851,B00983,0
A00698,B00158,0
A00439,B00199,0
A00302,B00102,0
A00069,B00445,0
A00690,B00530,0
A00058,B00878,0
A00367,B00894,0
A00512,B00097,0
A00535,B00298,0
A00348,B00808,0
A00011,B00071,0
A00363,B00983,0
A00413,B00213,0
A00704,B00604,0
A00205,B00797,0
A00148,B00494,0
A00035,B00650,0
A00448,B00851,0
A00434,B00154,0
A00386,B00666,0
A00126,B00208,0
A00319,B00590,0
A00808,B00488,0
A00456,B00796,0
A00954,B00454,0
A00400,B00300,0
A00459,B00803,0
A00249,B00860,0
A00443,B00885,0
A00714,B00814,0
A00603,B00682,0
A00519,B00097,0
A00268,B00303,0
A00086,B00112,0
A00349,B00959,0
A00887,B00006,0
A00514,B00639,0
A00118,B00179,0
A00215,B00579,0
A00587,B00209,0
A00707,B00507,0
A00507,B00880,0
A00073,B00615,0
A00497,B00891,0
A00495,B00835,0
A00897,B00937,0
A00469,B00525,0
A00267,B00907,0
A00258,B00058,0
A00761,B00992,0
A00784,B00595,0
A00894,B00310,0
A00418,B00914,0
A00912,B00352,0
A00994,B00846,0
A00071,B00091,0
A00228,B00605,0
A00154,B00356,0
A00016,B00593,0
A00433,B00369,0
A00142,B00422,0
A00136,B00696,0
A00665,B00950,0
A00340,B00111,0
A00133,B00868,0
A00357,B00152,0
A00529,B00638,0
A00711,B00560,0
A00507,B00672,0
A00484,B00827,0
A00557,B00077,0
A00815,B00615,0
A00444,B00836,0
A00724,B00604,0
A00258,B00842,0
A00082,B00279,0
A00550,B00650,0
A00687,B00287,0
A00850,B00448,0
A00802,B00229,0
A00231,B00442,0
A00152,B00592,0
A00143,B00463,0
A00585,B00384,0
A00592,B00204,0
A00150,B00531,0
A00008,B00388,0
A00409,B00670,0
A00973,B00116,0
A00681,B00032,0
A00661,B00201,0
A00203,B00814,0
A00889,B00235,0
A00123,B00858,0
A00738,B00569,0
A00524,B00304,0
A00722,B00334,0
A00803,B00887,0
A00529,B00475,0
A00916,B00071,0
A00581,B00941,0
A00907,B00288,0
A00227,B00513,0
A00375,B00745,0
A00168,B00808,0
A00979,B00439,0
A00066,B00110,0
A00408,B00315,0
A00744,B00664,0
A00856,B00658,0
A00580,B00858,0
A00730,B00091,0
A00785,B00360,0
A00649,B00115,0
A00653,B00324,0
A00454,B00155,0
A00631,B00411,0
A00833,B00654,0
A00955,B00595,0
A00727,B00007,0
A00508,B00728,0
A00776,B00596,0
A00105,B00997,0
A00699,B00043,0
A00620,B00500,0
A00655,B00408,0
A00367,B00363,0
A00165,B00970,0
A00885,B00829,0
A00426,B00957,0
A00327,B00072,0
A00655,B00717,0
A00017,B00717,0
A00287,B00496,0
A00159,B00699,0
A00249,B00267,0
A00807,B00972,0
A00228,B00148,0
A00087,B00999,0
A00776,B00496,0
A00864,B00588,0
A00058,B00864,0
A00420,B00200,0
A00734,B00512,0
A00116,B00165,0
A00652,B00926,0
A00239,B00969,0
A00517,B00986,0
A00202,B00110,0
A00789,B00229,0
A00940,B00840,0
A00359,B00502,0
A00820,B00480,0
A00306,B00522,0
A00474,B00745,0
A00971,B00111,0
A00465,B00645,0
A00627,B00807,0
A00813,B00276,0
A00157,B00523,0
A00997,B00537,0
A00168,B00664,0
A00807,B00707,0
A00914,B00281,0
A00890,B00481,0
A00278,B00176,0
A00570,B00115,0
A00009,B00716,0
A00632,B00295,0
A00237,B00270,0
A00909,B00206,0
A00732,B00252,0
A00216,B00536,0
A00845,B00985,0
A00768,B00923,0
A00677,B00294,0
A00200,B00004,0
A00886,B00665,0
A00892,B00557,0
A00700,B00280,0
A00122,B00024,0
A00211,B00171,0
A00775,B00849,0
A00088,B00588,0
A00308,B00941,0
A00835,B00423,0
A00618,B00339,0
A00545,B00984,0
A00160,B00620,0
A00630,B00707,0
A00403,B00438,0
A00947,B00155,0
A00152,B00132,0
A00829,B00948,0
A00185,B00281,0
A00961,B00910,0
A00433,B00877,0
A00512,B00771,0
A00820,B00869,0
A00384,B00204,0
A00124,B00590,0
A00736,B00999,0
A00123,B00703,0
A00146,B00883,0
A00379,B00725,0
A00487,B00323,0
A00764,B00044,0
A00779,B00108,0
A00227,B00019,0
A00983,B00303,0
A00194,B00611,0
A00266,B00446,0
A00418,B00182,0
A00956,B00496,0
A00811,B00431,0
A00596,B00696,0
A00616,B00596,0
A00253,B00312,0
A00217,B00615,0
A00894,B00294,0
A00539,B00059,0
A00875,B00261,0
A00475,B00021,0
A00172,B00335,0
A00254,B00214,0
A00112,B00836,0
A00741,B00913,0
A00818,B00098,0
A00344,B00304,0
A00203,B00326,0
A00681,B00423,0
A00383,B00403,0
A00418,B00613,0
A00855,B00535,0
A00006,B00386,0
A00702,B00254,0
A00408,B00511,0
A00000,B00352,0
A00062,B00545,0
A00009,B00980,0
A00802,B00133,0
A00845,B00481,0
A00708,B00228,0
A00336,B00674,0
A00895,B00466,0
A00288,B00690,0
A00932,B00512,0
A00537,B00899,0
A00558,B00538,0
A00049,B00709,0
A00251,B00412,0
A00005,B00361,0
A00703,B00675,0
A00934,B00464,0
A00994,B00893,0
A00326,B00681,0
A00156,B00431,0
A00413,B00433,0
A00629,B00108,0
A00207,B00756,0
A00898,B00331,0
A00765,B00692,0
A00685,B00323,0
A00771,B00689,0
A00173,B00509,0
A00265,B00361,0
A00327,B00955,0
A00011,B00396,0
A00129,B00274,0
A00872,B00720,0
A00990,B00347,0
A00589,B00688,0
A00010,B00629,0
A00585,B00648,0
A00817,B00667,0
A00246,B00366,0
A00985,B00205,0
A00280,B00134,0
A00612,B00964,0
A00073,B00421,0
A00923,B00860,0
A00144,B00274,0
A00297,B00734,0
A00062,B00572,0
A00452,B00744,0
A00256,B00976,0
A00946,B00753,0
A00454,B00021,0
A00097,B00859,0
A00912,B00252,0
A00953,B00413,0
A00550,B00941,0
A00859,B00199,0
A00887,B00997,0
A00521,B00421,0
A00151,B00891,0
A00201,B00154,0
A00678,B00584,0
A00504,B00894,0
A00426,B00586,0
A00591,B00203,0
A00240,B00840,0
A00176,B00496,0
A00684,B00615,0
A00309,B00145,0
A00177,B00918,0
A00437,B00561,0
A00338,B00237,0
A00028,B00548,0
A00708,B00628,0
A00750,B00039,0
A00396,B00468,0
A00964,B00539,0
A00998,B00721,0
A00463,B00854,0
A00694,B00314,0
A00042,B00242,0
A00827,B00082,0
A00106,B00255,0
A00021,B00781,0
A00941,B00843,0
A00813,B00353,0
A00888,B00437,0
A00343,B00676,0
A00782,B00975,0
A00614,B00014,0
A00926,B00410,0
A00420,B00453,0
A00625,B00652,0
A00496,B00585,0
A00946,B00365,0
A00698,B00932,0
A00333,B00941,0
A00841,B00995,0
A00551,B00227,0
A00354,B00386,0
A00092,B00767,0
A00291,B00897,0
A00478,B00546,0
A00243,B00093,0
A00023,B00555,0
A00087,B00147,0
A00973,B00682,0
A00371,B00309,0
A00898,B00621,0
A00956,B00333,0
A00195,B00095,0
A00009,B00657,0
A00108,B00988,0
A00188,B00680,0
A00030,B00379,0
A00723,B00123,0
A00034,B00453,0
A00713,B00759,0
A00972,B00702,0
A00942,B00267,0
A00337,B00177,0
A00306,B00285,0
A00646,B00163,0
A00889,B00525,0
A00125,B00385,0
A00001,B00102,0
A00478,B00278,0
A00723,B00443,0
A00714,B00214,0
A00348,B00009,0
A00175,B00955,0
A00336,B00202,0
A00341,B00049,0
A00131,B00914,0
A00284,B00224,0
A00247,B00664,0
A00058,B00338,0
A00950,B00281,0
A00173,B00026,0
A00235,B00875,0
A00967,B00719,0
A00613,B00222,0
A00451,B00947,0
A00902,B00022,0
A00901,B00121,0
A00584,B00699,0
A00205,B00505,0
A00483,B00734,0
A00904,B00985,0
A00195,B00974,0
A00366,B00047,0
A00438,B00762,0
A00462,B00641,0
A00281,B00196,0
A00038,B00021,0
A00351,B00911,0
A00674,B00414,0
A00812,B00064,0
A00283,B00369,0
A00192,B00209,0
A00906,B00506,0
A00104,B00776,0
A00417,B00991,0
A00176,B00002,0
A00669,B00389,0
A00530,B00487,0
A00066,B00926,0
A00893,B00995,0
A00442,B00599,0
A00763,B00535,0
A00963,B00039,0
A00242,B00847,0
A00148,B00688,0
A00279,B00879,0
A00535,B00758,0
A00277,B00037,0
A00380,B00620,0
A00664,B00233,0
A00541,B00012,0
A00479,B00759,0
A00395,B00055,0
A00090,B00970,0
A00466,B00971,0
A00635,B00094,0
A00766,B00179,0
A00584,B00224,0
A00374,B00120,0
A00164,B00050,0
A00285,B00323,0
A00964,B00315,0
A00951,B00059,0
A00004,B00517,0
A00579,B00348,0
A00596,B00316,0
A00846,B00687,0
A00533,B00403,0
A00316,B00379,0
A00902,B00803,0
A00914,B00855,0
A00760,B00900,0
A00693,B00466,0
A00596,B00583,0
A00284,B00264,0
A00314,B00839,0
A00848,B00256,0
A00600,B00096,0
A00293,B00043,0
A00730,B00922,0
A00662,B00982,0
A00574,B00234,0
A00909,B00325,0
A00012,B00220,0
A00834,B00060,0
A00915,B00527,0
A00032,B00252,0
A00941,B00675,0
A00639,B00379,0
A00842,B00911,0
A00124,B00099,0
A00548,B00208,0
A00988,B00688,0
A00622,B00946,0
A00107,B00727,0
A00198,B00778,0
A00477,B00937,0
A00478,B00102,0
A00991,B00215,0
A00829,B00729,0
A00858,B00094,0
A00061,B00601,0
A00133,B00913,0
A00117,B00256,0
A00877,B00763,0
A00719,B00566,0
A00288,B00676,0
A00988,B00084,0
A00621,B00001,0
A00324,B00494,0
A00458,B00949,0
A00132,B00892,0
A00854,B00535,0
A00860,B00296,0
A00779,B00259,0
A00711,B00653,0
A00665,B00560,0
A00210,B00791,0
A00924,B00844,0
A00477,B00485,0
A00724,B00604,0
A00257,B00297,0
A00139,B00219,0
A00076,B00416,0
A00945,B00848,0
A00633,B00983,0
A00082,B00115,0
A00786,B00366,0
A00957,B00115,0
A00333,B00830,0
A00208,B00884,0
A00163,B00144,0
A00122,B00237,0
A00032,B00552,0
A00973,B00958,0
A00471,B00571,0
A00203,B00175,0
A00848,B00286,0
A00082,B00412,0
A00136,B00951,0
A00757,B00482,0
A00858,B00572,0
A00983,B00223,0
A00329,B00722,0
A00506,B00466,0
A00076,B00896,0
A00037,B00017,0
A00468,B00748,0
A00149,B00249,0
A00064,B00524,0
A00158,B00938,0
A00332,B00738,0
A00264,B00524,0
A00511,B00973,0
A00790,B00910,0
A00810,B00510,0
A00166,B00073,0
A00722,B00702,0
A00671,B00282,0
A00383,B00389,0
A00150,B00321,0
A00186,B00786,0
A00560,B00800,0
A00949,B00676,0
A00498,B00041,0
A00256,B00641,0
A00710,B00804,0
A00158,B00263,0
A00275,B00978,0
A00525,B00485,0
A00323,B00863,0
A00811,B00863,0
A00168,B00258,0
A00468,B00516,0
A00790,B00078,0
A00051,B00093,0
A00214,B00531,0
A00485,B00204,0
A00889,B00369,0
A00034,B00604,0
A00265,B00102,0
A00107,B00622,0
A00042,B00782,0
A00546,B00420,0
A00780,B00676,0
A00337,B00993,0
A00102,B00020,0
A00314,B00996,0
A00072,B00112,0
A00421,B00581,0
A00315,B00915,0
A00733,B00971,0
A00290,B00686,0
A00702,B00463,0
A00691,B00237,0
A00113,B00673,0
A00387,B00563,0
A00265,B00374,0
A00571,B00936,0
A00336,B00376,0
A00708,B00128,0
A00358,B00150,0
A00403,B00182,0
A00456,B00030,0
A00774,B00402,0
A00066,B00982,0
A00377,B00183,0
A00855,B00886,0
A00068,B00971,0
A00627,B00883,0
A00332,B00892,0
A00532,B00952,0
A00759,B00812,0
A00242,B00916,0
A00162,B00161,0
A00190,B00090,0
A00538,B00526,0
A00705,B00545,0
A00644,B00664,0
A00433,B00400,0
A00108,B00788,0
A00238,B00188,0
A00811,B00739,0
A00564,B00431,0
A00887,B00620,0
A00962,B00662,0
A00891,B00690,0
A00032,B00732,0
A00178,B00392,0
A00841,B00741,0
A00597,B00181,0
A00478,B00698,0
A00436,B00890,0
A00420,B00760,0
A00368,B00828,0
A00502,B00792,0
A00334,B00102,0
A00434,B00284,0
A00862,B00692,0
A00792,B00965,0
A00019,B00119,0
A00517,B00997,0
A00165,B00074,0
A00009,B00361,0
A00288,B00048,0
A00675,B00188,0
A00071,B00700,0
A00245,B00062,0
A00215,B00772,0
A00058,B00778,0
A00220,B00993,0
A00010,B00832,0
A00487,B00913,0
A00747,B00529,0
A00649,B00319,0
A00714,B00111,0
A00287,B00634,0
A00607,B00444,0
A00594,B00027,0
A00560,B00440,0
A00162,B00741,0
A00628,B00268,0
A00282,B00002,0
A00917,B00217,0
A00541,B00005,0
A00560,B00112,0
A00766,B00049,0
A00374,B00318,0
A00185,B00151,0
A00495,B00844,0
A00371,B00374,0
A00640,B00163,0
A00764,B00924,0
A00944,B00579,0
A00025,B00334,0
A00738,B00463,0
A00858,B00505,0
A00562,B00809,0
A00736,B00237,0
A00752,B00892,0
A00706,B00406,0
A00944,B00244,0
A00239,B00724,0
A00405,B00924,0
A00799,B00419,0
A00277,B00904,0
A00947,B00110,0
A00002,B00236,0
A00229,B00494,0
A00760,B00560,0
A00065,B00168,0
A00893,B00173,0
A00698,B00438,0
A00070,B00819,0
A00108,B00048,0
A00059,B00001,0
A00126,B00455,0
A00043,B00124,0
A00322,B00207,0
A00658,B00290,0
A00708,B00128,0
A00282,B00007,0
A00919,B00559,0
A00157,B00653,0
A00233,B00850,0
A00239,B00125,0
A00655,B00235,0
A00935,B00020,0
A00246,B00912,0
A00251,B00440,0
A00059,B00313,0
A00751,B00691,0
A00682,B00862,0
A00833,B00373,0
A00784,B00744,0
A00613,B00213,0
A00474,B00654,0
A00245,B00642,0
A00809,B00675,0
A00221,B00581,0
A00075,B00935,0
A00953,B00407,0
A00536,B00643,0
A00053,B00288,0
A00337,B00213,0
A00021,B00361,0
A00773,B00891,0
A00090,B00310,0
A00792,B00438,0
A00916,B00145,0
A00538,B00419,0
A00703,B00006,0
A00450,B00390,0
A00394,B00027,0
A00427,B00739,0
A00498,B00536,0
A00702,B00011,0
A00514,B00382,0
A00929,B00505,0
A00890,B00518,0
A00248,B00376,0
A00129,B00615,0
A00488,B00533,0
A00906,B00834,0
A00213,B00693,0
A00484,B00294,0
A00959,B00818,0
A00523,B00020,0
A00798,B00589,0
A00355,B00830,0
A00851,B00405,0
A00963,B00234,0
A00919,B00809,0
A00096,B00835,0
A00274,B00174,0
A00432,B00414,0
A00781,B00696,0
A00670,B00234,0
A00313,B00118,0
A00648,B00480,0
A00909,B00371,0
A00723,B00410,0
A00685,B00780,0
A00145,B00527,0
A00809,B00983,0
A00629,B00969,0
A00824,B00990,0
A00843,B00363,0
A00537,B00266,0
A00787,B00871,0
A00273,B00373,0
A00954,B00143,0
A00740,B00224,0
A00976,B00036,0
A00981,B00850,0
A00954,B00940,0
A00751,B00561,0
A00274,B00879,0
A00693,B00841,0
A00004,B00104,0
A00489,B00771,0
A00730,B00055,0
A00518,B00900,0
A00218,B00444,0
A00993,B00966,0
A00256,B00864,0
A00068,B00317,0
A00000,B00689,0
A00793,B00628,0
A00855,B00585,0
A00756,B00307,0
A00860,B00992,0
A00642,B00363,0
A00709,B00769,0
A00131,B00625,0
A00196,B00480,0
A00513,B00453,0
A00924,B00040,0
A00346,B00582,0
A00508,B00159,0
A00056,B00770,0
A00608,B00851,0
A00245,B00105,0
A00829,B00491,0
A00925,B00485,0
A00024,B00408,0
A00860,B00489,0
A00069,B00089,0
A00522,B00982,0
A00915,B00963,0
A00628,B00537,0
A00913,B00813,0
A00159,B00604,0
A00536,B00066,0
A00906,B00866,0
A00286,B00887,0
A00179,B00877,0
A00304,B00289,0
A00755,B00242,0
A00497,B00193,0
A00269,B00069,0
A00321,B00166,0
A00771,B00749,0
A00065,B00408,0
A00381,B00736,0
A00825,B00234,0
A00736,B00584,0
A00118,B00798,0
A00641,B00785,0
A00521,B00697,0
A00662,B00542,0
A00686,B00166,0
A00003,B00202,0
A00837,B00868,0
A00074,B00251,0
A00017,B00877,0
A00276,B00216,0
A00989,B00812,0
A00562,B00262,0
A00910,B00660,0
A00251,B00807,0
A00643,B00723,0
A00950,B00844,0
A00533,B00372,0
A00409,B00079,0
A00582,B00503,0
A00836,B00979,0
A00803,B00609,0
A00661,B00480,0
A00291,B00324,0
A00570,B00652,0
A00267,B00681,0
A00062,B00206,0
A00896,B00278,0
A00991,B00155,0
A00935,B00089,0
A00431,B00108,0
A00399,B00853,0
A00563,B00443,0
A00107,B00821,0
A00404,B00182,0
A00997,B00901,0
A00627,B00287,0
A00420,B00859,0
A00664,B00450,0
A00801,B00121,0
A00232,B00155,0
A00848,B00248,0
A00250,B00830,0
A00588,B00224,0
A00847,B00227,0
A00930,B00947,0
A00163,B00449,0
A00561,B00361,0
A00975,B00035,0
A00467,B00670,0
A00764,B00144,0
A00886,B00998,0
A00652,B00354,0
A00159,B00525,0
A00572,B00505,0
A00541,B00465,0
A00705,B00256,0
A00155,B00755,0
A00383,B00168,0
A00335,B00195,0
A00778,B00415,0
A00628,B00988,0
A00855,B00880,0
A00016,B00154,0
A00821,B00321,0
A00566,B00530,0
A00238,B00588,0
A00229,B00096,0
A00494,B00057,0
A00176,B00571,0
A00792,B00228,0
A00568,B00137,0
A00301,B00812,0
A00004,B00308,0
A00256,B00097,0
A00683,B00223,0
A00629,B00452,0
A00561,B00247,0
A00184,B00811,0
A00068,B00287,0
A00016,B00303,0
A00312,B00372,0
A00238,B00627,0
A00332,B00411,0
A00430,B00784,0
A00295,B00853,0
A00701,B00381,0
A00970,B00887,0
A00245,B00203,0
A00981,B00565,0
A00687,B00072,0
A00960,B00660,0
A00721,B00561,0
A00771,B00696,0
A00795,B00395,0
A00061,B00270,0
A00855,B00954,0
A00914,B00173,0
A00746,B00334,0
A00808,B00599,0
A00190,B00076,0
A00150,B00289,0
A00850,B00690,0
A00011,B00144,0
A00245,B00218,0
A00748,B00208,0
A00436,B00831,0
A00241,B00993,0
A00753,B00708,0
A00898,B00577,0
A00146,B00190,0
A00432,B00492,0
A00218,B00698,0
A00411,B00817,0
A00923,B00415,0
A00877,B00574,0
A00688,B00088,0
A00512,B00392,0
A00625,B00865,0
A00432,B00290,0
A00081,B00577,0
A00484,B00699,0
A00744,B00267,0
A00509,B00869,0
A00123,B00543,0
A00261,B00222,0
A00304,B00644,0
A00283,B00390,0
A00150,B00733,0
A00812,B00178,0
A00042,B00500,0
A00088,B00780,0
A00581,B00851,0
A00288,B00527,0
A00490,B00392,0
A00326,B00694,0
A00885,B00495,0
A00909,B00192,0
A00192,B00132,0
A00249,B00309,0
A00721,B00599,0
A00852,B00020,0
A00995,B00171,0
A00402,B00607,0
A00484,B00164,0
A00153,B00049,0
A00424,B00786,0
A00051,B00875,0
A00108,B00340,0
A00826,B00197,0
A00622,B00039,0
A00795,B00535,0
A00833,B00886,0
A00937,B00161,0
A00997,B00381,0
A00766,B00806,0
A00983,B00723,0
A00358,B00441,0
A00505,B00405,0
A00470,B00953,0
A00183,B00438,0
A00333,B00250,0
A00231,B00602,0
A00498,B00257,0
A00906,B00006,0
A00690,B00750,0
A00638,B00038,0
A00401,B00024,0
A00959,B00399,0
A00492,B00892,0
A00584,B00804,0
A00950,B00649,0
A00650,B00910,0
A00744,B00524,0
A00798,B00858,0
A00319,B00134,0
A00625,B00027,0
A00984,B00914,0
A00688,B00907,0
A00229,B00663,0
A00224,B00787,0
A00049,B00229,0
A00127,B00242,0
A00669,B00289,0
A00424,B00741,0
A00052,B00813,0
A00287,B00107,0
A00771,B00052,0
A00137,B00857,0
A00335,B00362,0
A00174,B00951,0
A00420,B00202,0
A00369,B00469,0
A00711,B00922,0
A00459,B00539,0
A00707,B00907,0
A00307,B00767,0
A00925,B00450,0
A00316,B00216,0
A00109,B00400,0
A00407,B00107,0
A00198,B00350,0
A00329,B00578,0
A00749,B00103,0
A00628,B00721,0
A00502,B00383,0
A00178,B00489,0
A00570,B00148,0
A00137,B00760,0
A00828,B00346,0
A00654,B00483,0
A00243,B00380,0
A00448,B00655,0
A00744,B00257,0
A00621,B00721,0
A00886,B00070,0
A00632,B00400,0
A00195,B00130,0
A00225,B00124,0
A00509,B00997,0
A00841,B00005,0
A00538,B00656,0
A00553,B00234,0
A00109,B00003,0
A00344,B00357,0
A00413,B00738,0
A00719,B00641,0
A00123,B00876,0
A00986,B00923,0
A00174,B00739,0
A00973,B00186,0
A00824,B00664,0
A00828,B00545,0
A00082,B00990,0
A00627,B00861,0
A00602,B00738,0
A00743,B00013,0
A00684,B00909,0
A00751,B00445,0
A00426,B00712,0
A00969,B00285,0
A00215,B00235,0
A00157,B00212,0
A00796,B00699,0
A00071,B00858,0
A00463,B00574,0
A00565,B00296,0
A00421,B00541,0
A00960,B00032,0
A00281,B00504,0
A00281,B00721,0
A00520,B00220,0
A00591,B00874,0
A00512,B00546,0
A00462,B00275,0
A00245,B00737,0
A00901,B00531,0
A00253,B00846,0
A00780,B00856,0
A00766,B00606,0
A00791,B00471,0
A00134,B00294,0
A00196,B00816,0
A00655,B00334,0
A00106,B00686,0
A00212,B00772,0
A00164,B00339,0
A00093,B00193,0
A00131,B00891,0
A00593,B00393,0
A00253,B00087,0
A00733,B00343,0
A00394,B00856,0
A00335,B00735,0
A00496,B00369,0
A00014,B00334,0
A00005,B00852,0
A00508,B00168,0
A00894,B00659,0
A00198,B00919,0
A00666,B00215,0
A00428,B00588,0
A00778,B00395,0
A00327,B00647,0
A00367,B00807,0
A00597,B00497,0
A00996,B00988,0
A00430,B00805,0
A00967,B00947,0
A00015,B00635,0
A00718,B00873,0
A00875,B00406,0
A00500,B00579,0
A00976,B00070,0
A00104,B00184,0
A00503,B00103,0
A00133,B00129,0
A00470,B00265,0
A00381,B00641,0
A00572,B00130,0
A00011,B00271,0
A00545,B00265,0
A00706,B00829,0
A00532,B00151,0
A00349,B00642,0
A00677,B00157,0
A00037,B00963,0
A00623,B00083,0
A00965,B00069,0
A00358,B00090,0
A00983,B00553,0
A00538,B00221,0
A00928,B00740,0
A00408,B00568,0
A00354,B00273,0
A00092,B00608,0
A00625,B00395,0
A00693,B00893,0
A00020,B00040,0
A00667,B00487,0
A00415,B00815,0
A00043,B00303,0
A00819,B00890,0
A00217,B00750,0
A00363,B00515,0
A00584,B00764,0
A00939,B00750,0
A00120,B00214,0
A00918,B00378,0
A00177,B00596,0
A00879,B00407,0
A00357,B00117,0
A00553,B00103,0
A00840,B00106,0
A00296,B00347,0
A00667,B00913,0
A00580,B00384,0
A00414,B00640,0
A00324,B00264,0
A00799,B00716,0
A00466,B00427,0
A00248,B00613,0
A00015,B00828,0
A00131,B00472,0
A00473,B00653,0
A00661,B00101,0
A00064,B00816,0
A00296,B00536,0
A00305,B00476,0
A00803,B00786,0
A00274,B00154,0
A00248,B00468,0
A00403,B00835,0
A00727,B00615,0
A00722,B00742,0
A00808,B00145,0
A00605,B00479,0
A00081,B00559,0
A00120,B00760,0
A00405,B00625,0
A00952,B00752,0
A00971,B00111,0
A00052,B00943,0
A00351,B00895,0
A00101,B00687,0
A00172,B00124,0
A00350,B00872,0
A00038,B00382,0
A00289,B00464,0
A00165,B00047,0
A00087,B00348,0
A00514,B00965,0
A00558,B00081,0
A00368,B00701,0
A00625,B00415,0
A00381,B00021,0
A00241,B00400,0
A00066,B00808,0
A00742,B00149,0
A00808,B00700,0
A00194,B00562,0
A00020,B00970,0
A00555,B00254,0
A00872,B00732,0
A00593,B00447,0
A00487,B00318,0
A00245,B00800,0
A00355,B00081,0
A00013,B00068,0
A00116,B00416,0
A00804,B00909,0
A00678,B00206,0
A00431,B00380,0
A00932,B00962,0
A00336,B00301,0
A00178,B00676,0
A00550,B00500,0
A00141,B00836,0
A00797,B00957,0
A00460,B00609,0
A00150,B00091,0
A00916,B00436,0
A00901,B00584,0
A00794,B00734,0
A00975,B00540,0
A00047,B00186,0
A00089,B00045,0
A00403,B00904,0
A00439,B00103,0
A00460,B00680,0
A00841,B00280,0
A00547,B00527,0
A00323,B00921,0
A00577,B00137,0
A00858,B00380,0
A00443,B00415,0
A00104,B00064,0
A00388,B00188,0
A00953,B00553,0
A00516,B00416,0
A00368,B00946,0
A00219,B00481,0
A00878,B00553,0
A00362,B00622,0
A00219,B00479,0
A00095,B00227,0
A00541,B00648,0
A00251,B00582,0
A00558,B00084,0
A00012,B00252,0
A00277,B00157,0
A00792,B00638,0
A00473,B00351,0
A00905,B00366,0
A00019,B00714,0
A00166,B00026,0
A00942,B00382,0
A00615,B00315,0
A00505,B00759,0
A00553,B00642,0
A00402,B00822,0
A00895,B00495,0
A00784,B00284,0
A00929,B00394,0
A00058,B00758,0
A00004,B00072,0
A00010,B00730,0
A00842,B00642,0
A00827,B00767,0
A00804,B00213,0
A00501,B00966,0
A00895,B00476,0
A00258,B00878,0
A00146,B00412,0
A00951,B00171,0
A00183,B00639,0
A00265,B00575,0
A00666,B00726,0
A00058,B00614,0
A00243,B00116,0
A00459,B00518,0
A00165,B00525,0
A00948,B00184,0
A00581,B00598,0
A00036,B00105,0
A00488,B00508,0
A00451,B00245,0
A00377,B00114,0
A00165,B00490,0
A00439,B00683,0
A00308,B00408,0
A00007,B00467,0
A00079,B00692,0
A00795,B00355,0
A00373,B00569,0
A00906,B00586,0
A00102,B00581,0
A00933,B00553,0
A00713,B00870,0
A00153,B00094,0
A00979,B00495,0
A00367,B00828,0
A00020,B00856,0
A00535,B00525,0
A00471,B00578,0
A00831,B00666,0
A00880,B00960,0
A00586,B00086,0
A00033,B00333,0
A00531,B00751,0
A00930,B00570,0
A00292,B00270,0
A00998,B00792,0
A00134,B00581,0
A00548,B00542,0
A00294,B00340,0
A00371,B00171,0
A00537,B00837,0
A00292,B00363,0
A00592,B00491,0
A00359,B00634,0
A00302,B00982,0
A00948,B00720,0
A00579,B00895,0
A00773,B00053,0
A00088,B00528,0
A00423,B00723,0
A00445,B00593,0
A00773,B00362,0
A00474,B00281,0
A00560,B00877,0
A00354,B00709,0
A00453,B00665,0
A00828,B00421,0
A00292,B00992,0
A00472,B00412,0
A00533,B00393,0
A00639,B00239,0
A00832,B00332,0
A00324,B00291,0
A00640,B00320,0
A00351,B00274,0
A00424,B00673,0
A00899,B00259,0
A00553,B00198,0
A00075,B00415,0
A00039,B00729,0
A00843,B00660,0
A00959,B00017,0
A00597,B00012,0
A00663,B00001,0
A00136,B00698,0
A00108,B00208,0
A00344,B00504,0
A00185,B00405,0
A00612,B00126,0
A00859,B00980,0
A00123,B00383,0
A00330,B00971,0
A00257,B00813,0
A00574,B00334,0
A00456,B00424,0
A00568,B00789,0
A00035,B00935,0
A00734,B00854,0
A00659,B00851,0
A00335,B00775,0
A00984,B00097,0
A00729,B00669,0
A00043,B00227,0
A00345,B00905,0
A00420,B00668,0
A00653,B00269,0
A00991,B00752,0
A00131,B00150,0
A00620,B00802,0
A00804,B00802,0
A00563,B00228,0
A00512,B00586,0
A00497,B00277,0
A00792,B00477,0
A00538,B00681,0
A00504,B00354,0
A00771,B00539,0
A00249,B00109,0
A00356,B00976,0
A00943,B00383,0
A00150,B00182,0
A00676,B00099,0
A00187,B00655,0
A00096,B00691,0
A00616,B00921,0
A00642,B00589,0
A00153,B00946,0
A00305,B00520,0
A00528,B00220,0
A00836,B00736,0
A00891,B00117,0
A00111,B00911,0
A00756,B00387,0
A00687,B00337,0
A00351,B00651,0
A00860,B00616,0
A00662,B00602,0
A00679,B00668,0
A00174,B00053,0
A00996,B00564,0
A00774,B00614,0
A00043,B00317,0
A00375,B00695,0
A00834,B00066,0
A00046,B00066,0
A00903,B00692,0
A00312,B00972,0
A00937,B00664,0
A00591,B00951,0
A00892,B00209,0
A00202,B00382,0
A00894,B00117,0
A00478,B00081,0
A00686,B00627,0
A00560,B00565,0
A00498,B00078,0
A00073,B00989,0
A00014,B00037,0
A00480,B00877,0
A00843,B00954,0
A00427,B00926,0
A00382,B00302,0
A00291,B00474,0
A00740,B00972,0
A00326,B00718,0
A00538,B00451,0
A00417,B00810,0
A00638,B00114,0
A00241,B00067,0
A00850,B00741,0
A00432,B00412,0
A00480,B00460,0
A00514,B00229,0
A00953,B00660,0
A00935,B00395,0
A00116,B00769,0
A00067,B00169,0
A00826,B00865,0
A00307,B00047,0
A00708,B00548,0
A00674,B00552,0
A00110,B00406,0
A00534,B00932,0
A00698,B00998,0
A00360,B00835,0
A00954,B00141,0
A00432,B00520,0
A00289,B00729,0
A00164,B00404,0
A00743,B00683,0
A00440,B00880,0
A00885,B00545,0
A00737,B00389,0
A00452,B00158,0
A00704,B00754,0
A00592,B00810,0
A00948,B00896,0
A00624,B00799,0
A00498,B00458,0
A00777,B00827,0
A00862,B00638,0
A00194,B00687,0
A00661,B00142,0
A00915,B00300,0
A00632,B00245,0
A00365,B00969,0
A00062,B00644,0
A00546,B00971,0
A00290,B00916,0
A00506,B00256,0
A00290,B00112,0
A00107,B00045,0
A00604,B00415,0
A00509,B00823,0
A00335,B00239,0
A00191,B00776,0
A00697,B00197,0
A00194,B00044,0
A00719,B00981,0
A00996,B00216,0
A00832,B00820,0
A00903,B00152,0
A00763,B00801,0
A00273,B00231,0
A00803,B00883,0
A00648,B00261,0
A00784,B00052,0
A00699,B00327,0
A00810,B00910,0
A00389,B00889,0
A00699,B00333,0
A00522,B00225,0
A00806,B00146,0
A00947,B00189,0
A00954,B00701,0
A00223,B00480,0
A00378,B00586,0
A00156,B00663,0
A00524,B00224,0
A00795,B00135,0
A00318,B00073,0
A00484,B00084,0
A00960,B00520,0
A00652,B00392,0
A00254,B00074,0
A00336,B00976,0
A00813,B00856,0
A00023,B00468,0
A00699,B00219,0
A00184,B00204,0
A00619,B00523,0
A00660,B00114,0
A00134,B00014,0
A00396,B00138,0
A00543,B00673,0
A00856,B00031,0
A00728,B00951,0
A00819,B00667,0
A00825,B00527,0
A00738,B00222,0
A00346,B00298,0
A00344,B00946,0
A00315,B00135,0
A00175,B00801,0
A00091,B00067,0
A00931,B00811,0
A00793,B00997,0
A00583,B00586,0
A00473,B00170,0
A00166,B00346,0
A00520,B00091,0
A00748,B00559,0
A00409,B00849,0
A00570,B00891,0
A00970,B00278,0
A00273,B00353,0
A00749,B00509,0
A00504,B00879,0
A00680,B00620,0
A00605,B00455,0
A00421,B00206,0
A00036,B00214,0
A00992,B00277,0
A00162,B00513,0
A00621,B00321,0
A00187,B00687,0
A00923,B00581,0
A00162,B00342,0
A00819,B00019,0
A00894,B00341,0
A00578,B00458,0
A00011,B00591,0
A00353,B00973,0
A00180,B00340,0
A00085,B00660,0
A00145,B00783,0
A00135,B00677,0
A00887,B00467,0
A00887,B00294,0
A00227,B00645,0
A00705,B00586,0
A00838,B00098,0
A00307,B00459,0
A00559,B00350,0
A00026,B00706,0
A00267,B00107,0
A00422,B00210,0
A00152,B00539,0
A00782,B00732,0
A00965,B00283,0
A00347,B00328,0
A00132,B00472,0
A00825,B00867,0
A00063,B00272,0
A00788,B00597,0
A00091,B00176,0
A00878,B00138,0
A00859,B00741,0
A00783,B00951,0
A00980,B00559,0
A00903,B00009,0
A00728,B00870,0
A00014,B00341,0
A00345,B00464,0
A00529,B00689,0
A00965,B00605,0
A00912,B00227,0
A00120,B00263,0
A00584,B00624,0
A00868,B00650,0
A00292,B00809,0
A00731,B00279,0
A00487,B00547,0
A00592,B00712,0
A00055,B00000,0
A00457,B00097,0
A00941,B00163,0
A00696,B00649,0
A00821,B00704,0
A00514,B00990,0
A00355,B00770,0
A00670,B00680,0
A00235,B00993,0
A00830,B00218,0
A00401,B00081,0
A00003,B00170,0
A00538,B00598,0
A00207,B00960,0
A00092,B00872,0
A00348,B00129,0
A00315,B00915,0
A00998,B00960,0
A00250,B00173,0
A00260,B00370,0
A00176,B00712,0
A00507,B00866,0
A00503,B00003,0
A00179,B00382,0
A00031,B00588,0
A00649,B00015,0
A00689,B00669,0
A00227,B00270,0
A00366,B00550,0
A00253,B00363,0
A00021,B00372,0
A00982,B00444,0
A00457,B00390,0
A00908,B00868,0
A00165,B00265,0
A00045,B00257,0
A00065,B00745,0
A00609,B00625,0
A00395,B00357,0
A00281,B00245,0
A00612,B00371,0
A00275,B00675,0
A00098,B00250,0
A00985,B00837,0
A00279,B00899,0
A00049,B00331,0
A00394,B00286,0
A00666,B00739,0
A00087,B00547,0
A00132,B00201,0
A00769,B00538,0
A00043,B00383,0
A00432,B00052,0
A00035,B00815,0
A00967,B00575,0
A00622,B00602,0
A00067,B00675,0
A00459,B00219,0
A00643,B00123,0
A00527,B00265,0
A00832,B00784,0
A00322,B00353,0
A00728,B00808,0
A00490,B00230,0
A00830,B00552,0
A00488,B00948,0
A00289,B00249,0
A00757,B00279,0
A00647,B00147,0
A00667,B00364,0
A00171,B00411,0
A00040,B00414,0
A00044,B00524,0
A00855,B00055,0
A00358,B00104,0
A00912,B00357,0
A00852,B00700,0
A00139,B00684,0
A00300,B00525,0
A00321,B00270,0
A00673,B00313,0
A00081,B00614,0
A00064,B00468,0
A00822,B00239,0
A00985,B00969,0
A00079,B00739,0
A00951,B00248,0
A00545,B00473,0
A00362,B00140,0
A00613,B00133,0
A00109,B00389,0
A00485,B00125,0
A00337,B00757,0
A00566,B00666,0
A00471,B00910,0
A00951,B00135,0
A00791,B00144,0
A00801,B00501,0
A00997,B00659,0
A00397,B00416,0
A00591,B00021,0
A00877,B00489,0
A00217,B00566,0
A00315,B00064,0
A00698,B00561,0
A00801,B00041,0
A00945,B00585,0
A00375,B00039,0
A00476,B00016,0
A00796,B00136,0
A00039,B00295,0
A00319,B00465,0
A00282,B00629,0
A00229,B00793,0
A00143,B00740,0
A00692,B00512,0
A00007,B00941,0
A00824,B00978,0
A00217,B00808,0
A00000,B00738,0
A00815,B00497,0
A00694,B00079,0
A00185,B00822,0
A00786,B00383,0
A00744,B00133,0
A00547,B00827,0
A00643,B00363,0
A00227,B00195,0
A00724,B00032,0
A00291,B00513,0
A00922,B00624,0
A00744,B00088,0
A00952,B00441,0
A00457,B00636,0
A00732,B00585,0
A00041,B00881,0
A00631,B00111,0
A00487,B00876,0
A00891,B00177,0
A00885,B00270,0
A00464,B00628,0
A00372,B00385,0
A00218,B00798,0
A00520,B00180,0
A00795,B00519,0
A00937,B00737,0
A00453,B00473,0
A00088,B00588,0
A00137,B00556,0
A00826,B00706,0
A00820,B00173,0
A00062,B00202,0
A00540,B00400,0
A00800,B00322,0
A00223,B00543,0
A00718,B00576,0
A00537,B00899,0
A00767,B00211,0
A00539,B00899,0
A00153,B00719,0
A00252,B00533,0
A00959,B00601,0
A00240,B00370,0
A00532,B00752,0
A00668,B00792,0
A00666,B00142,0
A00624,B00743,0
A00652,B00952,0
A00678,B00504,0
A00547,B00354,0
A00219,B00084,0
A00360,B00137,0
A00568,B00139,0
A00243,B00398,0
A00962,B00335,0
A00310,B00014,0
A00320,B00450,0
A00793,B00214,0
A00583,B00939,0
A00938,B00804,0
A00174,B00144,0
A00490,B00010,0
A00368,B00308,0
A00923,B00382,0
A00550,B00695,0
A00221,B00061,0
A00550,B00128,0
A00675,B00073,0
A00929,B00543,0
A00482,B00042,0
A00247,B00447,0
A00888,B00830,0
A00410,B00595,0
A00188,B00127,0
A00733,B00513,0
A00465,B00207,0
A00269,B00009,0
A00318,B00198,0
A00791,B00171,0
A00541,B00101,0
A00103,B00623,0
A00384,B00011,0
A00847,B00162,0
A00181,B00172,0
A00062,B00647,0
A00527,B00409,0
A00533,B00613,0
A00414,B00323,0
A00728,B00745,0
A00530,B00315,0
A00902,B00644,0
A00274,B00807,0
A00930,B00330,0
A00856,B00195,0
A00857,B00288,0
A00856,B00036,0
A00467,B00442,0
A00271,B00610,0
A00461,B00701,0
A00932,B00032,0
A00501,B00941,0
A00420,B00705,0
A00803,B00920,0
A00996,B00676,0
A00860,B00846,0
A00065,B00091,0
A00503,B00124,0
A00211,B00890,0
A00145,B00336,0
A00542,B00650,0
A00112,B00593,0
A00859,B00759,0
A00793,B00519,0
A00066,B00183,0
A00527,B00857,0
A00886,B00121,0
A00530,B00424,0
A00944,B00419,0
A00481,B00870,0
A00071,B00000,0
A00181,B00601,0
A00306,B00865,0
A00552,B00734,0
A00705,B00685,0
A00396,B00936,0
A00918,B00122,0
A00230,B00742,0
A00150,B00486,0
A00639,B00349,0
A00570,B00830,0
A00118,B00313,0
A00918,B00931,0
A00450,B00218,0
A00726,B00698,0
A00368,B00060,0
A00356,B00676,0
A00930,B00695,0
A00313,B00267,0
A00393,B00133,0
A00562,B00046,0
A00947,B00207,0
A00744,B00699,0
A00681,B00994,0
A00073,B00121,0
A00011,B00930,0
A00958,B00566,0
A00566,B00472,0
A00103,B00315,0
A00911,B00635,0
A00769,B00416,0
A00516,B00323,0
A00825,B00327,0
A00002,B00556,0
A00631,B00591,0
A00074,B00374,0
A00641,B00907,0
A00271,B00871,0
A00471,B00987,0
A00024,B00447,0
A00007,B00315,0
A00347,B00950,0
A00176,B00816,0
A00143,B00213,0
A00524,B00209,0
A00255,B00516,0
A00592,B00152,0
A00895,B00991,0
A00510,B00650,0
A00902,B00906,0
A00365,B00965,0
A00957,B00217,0
A00646,B00527,0
A00577,B00395,0
A00539,B00068,0
A00288,B00316,0
A00616,B00816,0
A00544,B00784,0
A00804,B00564,0
A00085,B00258,0
A00239,B00041,0
A00188,B00827,0
A00229,B00269,0
A00995,B00214,0
A00062,B00802,0
A00303,B00609,0
A00743,B00912,0
A00722,B00002,0
A00502,B00716,0
A00760,B00038,0
A00210,B00310,0
A00015,B00976,0
A00956,B00016,0
A00613,B00273,0
A00975,B00414,0
A00905,B00842,0
A00792,B00112,0
A00161,B00403,0
A00733,B00636,0
A00698,B00939,0
A00612,B00243,0
A00460,B00363,0
A00515,B00915,0
A00310,B00318,0
A00493,B00434,0
A00043,B00439,0
A00573,B00453,0
A00315,B00135,0
A00657,B00617,0
A00198,B00778,0
A00267,B00059,0
A00696,B00496,0
A00788,B00990,0
A00142,B00302,0
A00277,B00540,0
A00947,B00199,0
A00330,B00265,0
A00699,B00028,0
A00013,B00750,0
A00488,B00365,0
A00390,B00436,0
A00926,B00372,0
A00275,B00296,0
A00263,B00103,0
A00177,B00457,0
A00894,B00431,0
A00032,B00182,0
A00684,B00164,0
A00625,B00709,0
A00604,B00473,0
A00252,B00524,0
A00950,B00443,0
A00461,B00104,0
A00110,B00030,0
A00588,B00465,0
A00333,B00930,0
A00764,B00326,0
A00313,B00221,0
A00981,B00087,0
A00388,B00505,0
A00354,B00214,0
A00921,B00004,0
A00392,B00652,0
A00509,B00324,0
A00171,B00222,0
A00456,B00395,0
A00258,B00878,0
A00115,B00242,0
A00438,B00418,0
A00951,B00837,0
A00845,B00448,0
A00309,B00789,0
A00977,B00457,0
A00222,B00342,0
A00336,B00499,0
A00524,B00637,0
A00686,B00303,0
A00691,B00924,0
A00711,B00087,0
A00971,B00576,0
A00888,B00598,0
A00020,B00387,0
A00576,B00956,0
A00955,B00719,0
A00133,B00497,0
A00390,B00794,0
A00108,B00612,0
A00943,B00886,0
A00370,B00760,0
A00917,B00103,0
A00439,B00602,0
A00470,B00938,0
A00607,B00245,0
A00900,B00540,0
A00608,B00968,0
A00540,B00660,0
A00717,B00943,0
A00366,B00793,0
A00070,B00290,0
A00536,B00258,0
A00403,B00421,0
A00705,B00245,0
A00594,B00646,0
A00764,B00906,0
A00529,B00109,0
A00412,B00712,0
A00197,B00294,0
A00625,B00065,0
A00374,B00967,0
A00071,B00917,0
A00864,B00844,0
A00800,B00052,0
A00520,B00820,0
A00648,B00385,0
A00387,B00989,0
A00360,B00024,0
A00414,B00571,0
A00479,B00126,0
A00486,B00900,0
A00548,B00976,0
A00797,B00647,0
A00139,B00939,0
A00860,B00979,0
A00329,B00349,0
A00140,B00444,0
A00939,B00073,0
A00176,B00428,0
A00478,B00449,0
A00152,B00101,0
A00315,B00875,0
A00243,B00443,0
A00029,B00409,0
A00895,B00146,0
A00706,B00996,0
A00826,B00732,0
A00648,B00769,0
A00660,B00120,0
A00564,B00882,0
A00970,B00490,0
A00237,B00639,0
A00067,B00283,0
A00925,B00894,0
A00981,B00908,0
A00860,B00105,0
A00490,B00043,0
A00904,B00416,0
A00735,B00189,0
A00121,B00761,0
A00069,B00797,0
A00189,B00613,0
A00303,B00154,0
A00180,B00928,0
A00341,B00248,0
A00559,B00546,0
A00472,B00452,0
A00744,B00002,0
A00203,B00113,0
A00849,B00109,0
A00145,B00280,0
A00082,B00711,0
A00353,B00411,0
A00056,B00377,0
A00991,B00475,0
A00748,B00291,0
A00442,B00562,0
A00901,B00738,0
A00739,B00082,0
A00183,B00083,0
A00145,B00884,0
A00410,B00631,0
A00282,B00542,0
A00367,B00833,0
A00207,B00646,0
A00499,B00679,0
A00545,B00674,0
A00691,B00186,0
A00489,B00335,0
A00373,B00784,0
A00765,B00555,0
A00888,B00068,0
A00887,B00647,0
A00345,B00202,0
A00381,B00967,0
A00195,B00023,0
A00348,B00338,0
A00575,B00075,0
A00044,B00964,0
A00064,B00266,0
A00991,B00207,0
A00899,B00611,0
A00410,B00370,0
A00468,B00974,0
A00242,B00822,0
A00143,B00943,0
A00566,B00833,0
A00537,B00712,0
A00200,B00840,0
A00508,B00644,0
A00013,B00415,0
A00033,B00072,0
A00052,B00649,0
A00266,B00095,0
A00962,B00702,0
A00182,B00235,0
A00967,B00998,0
A00649,B00369,0
A00099,B00219,0
A00499,B00426,0
A00554,B00983,0
A00585,B00245,0
A00096,B00436,0
A00254,B00647,0
A00907,B00081,0
A00622,B00737,0
A00920,B00772,0
A00821,B00341,0
A00595,B00701,0
A00261,B00599,0
A00521,B00927,0
A00797,B00048,0
A00823,B00026,0
A00572,B00072,0
A00134,B00378,0
A00938,B00490,0
A00387,B00847,0
A00527,B00474,0
A00947,B00097,0
A00568,B00948,0
A00759,B00496,0
A00136,B00496,0
A00809,B00879,0
A00202,B00668,0
A00678,B00911,0
A00972,B00438,0
A00208,B00172,0
A00412,B00465,0
A00991,B00713,0
A00450,B00991,0
A00576,B00136,0
A00192,B00442,0
A00921,B00672,0
A00378,B00941,0
A00246,B00395,0
A00663,B00446,0
A00349,B00530,0
A00735,B00391,0
A00712,B00175,0
A00704,B00638,0
A00301,B00820,0
A00413,B00023,0
A00988,B00648,0
A00989,B00170,0
A00423,B00241,0
A00107,B00201,0
A00571,B00525,0
A00461,B00516,0
A00601,B00801,0
A00570,B00829,0
A00388,B00883,0
A00926,B00247,0
A00630,B00850,0
A00677,B00737,0
A00269,B00222,0
A00687,B00477,0
A00640,B00878,0
A00717,B00363,0
A00529,B00689,0
A00509,B00859,0
A00802,B00642,0
A00390,B00747,0
A00685,B00745,0
A00683,B00563,0
A00994,B00062,0
A00479,B00113,0
A00867,B00727,0
A00040,B00496,0
A00632,B00570,0
A00434,B00534,0
A00955,B00237,0
A00212,B00972,0
A00421,B00961,0
A00933,B00298,0
A00480,B00067,0
A00746,B00026,0
A00895,B00710,0
A00199,B00591,0
A00847,B00764,0
A00951,B00351,0
A00196,B00508,0
A00246,B00986,0
A00352,B00432,0
A00879,B00982,0
A00214,B00546,0
A00459,B00639,0
A00171,B00224,0
A00303,B00603,0
A00171,B00451,0
A00679,B00991,0
A00546,B00001,0
A00106,B00703,0
A00942,B00850,0
A00326,B00125,0
A00554,B00962,0
A00499,B00049,0
A00039,B00418,0
A00042,B00532,0
A00581,B00616,0
A00364,B00124,0
A00346,B00013,0
A00698,B00255,0
A00234,B00214,0
A00312,B00986,0
A00587,B00237,0
A00651,B00749,0
A00993,B00122,0
A00718,B00356,0
A00915,B00180,0
A00759,B00623,0
A00334,B00379,0
A00873,B00598,0
A00351,B00851,0
A00021,B00278,0
A00240,B00806,0
A00128,B00984,0
A00378,B00171,0
A00986,B00126,0
A00777,B00757,0
A00729,B00409,0
A00380,B00829,0
A00301,B00141,0
A00145,B00559,0
A00295,B00555,0
A00937,B00077,0
A00723,B00843,0
A00919,B00579,0
A00582,B00462,0
A00623,B00083,0
A00502,B00800,0
A00617,B00879,0
A00297,B00508,0
A00810,B00020,0
A00503,B00046,0
A00289,B00329,0
A00110,B00114,0
A00006,B00004,0
A00157,B00141,0
A00932,B00172,0
A00106,B00006,0
A00349,B00636,0
A00999,B00134,0
A00340,B00890,0
A00288,B00920,0
A00581,B00864,0
A00573,B00008,0
A00893,B00250,0
A00102,B00762,0
A00888,B00194,0
A00831,B00058,0
A00281,B00161,0
A00841,B00403,0
A00948,B00489,0
A00131,B00111,0
A00628,B00308,0
A00594,B00593,0
A00541,B00081,0
A00596,B00116,0
A00899,B00639,0
A00837,B00407,0
A00980,B00180,0
A00999,B00759,0
A00222,B00542,0
A00575,B00855,0
A00621,B00941,0
A00520,B00408,0
A00987,B00978,0
A00055,B00776,0
A00681,B00806,0
A00878,B00778,0
A00663,B00243,0
A00618,B00199,0
A00831,B00713,0
A00625,B00313,0
A00771,B00329,0
A00270,B00450,0
A00658,B00546,0
A00737,B00601,0
A00988,B00968,0
A00993,B00053,0
A00683,B00700,0
A00946,B00818,0
A00996,B00876,0
A00153,B00478,0
A00862,B00959,0
A00084,B00696,0
A00173,B00553,0
A00194,B00702,0
A00556,B00846,0
A00200,B00271,0
A00191,B00842,0
A00962,B00528,0
A00549,B00404,0
A00138,B00277,0
A00827,B00503,0
A00907,B00607,0
A00654,B00858,0
A00171,B00638,0
A00850,B00208,0
A00797,B00247,0
A00031,B00349,0
A00655,B00715,0
A00645,B00126,0
A00946,B00527,0
A00478,B00398,0
A00613,B00517,0
A00748,B00608,0
A00449,B00789,0
A00640,B00149,0
A00222,B00712,0
A00891,B00053,0
A00572,B00326,0
A00947,B00371,0
A00159,B00907,0
A00530,B00290,0
A00052,B00637,0
A00616,B00335,0
A00487,B00818,0
A00489,B00747,0
A00208,B00543,0
A00897,B00437,0
A00622,B00845,0
A00341,B00496,0
A00770,B00005,0
A00155,B00939,0
A00680,B00609,0
A00341,B00890,0
A00005,B00065,0
A00767,B00245,0
A00485,B00908,0
A00320,B00503,0
A00458,B00662,0
A00155,B00720,0
A00753,B00493,0
A00625,B00293,0
A00113,B00373,0
A00850,B00423,0
A00432,B00812,0
A00634,B00868,0
A00325,B00093,0
A00810,B00530,0
A00962,B00391,0
A00394,B00307,0
A00916,B00178,0
A00213,B00149,0
A00158,B00658,0
A00795,B00235,0
A00324,B00509,0
A00166,B00386,0
A00186,B00520,0
A00846,B00012,0
A00884,B00630,0
A00399,B00736,0
A00076,B00514,0
A00427,B00345,0
A00002,B00702,0
A00740,B00559,0
A00125,B00765,0
A00764,B00224,0
A00968,B00914,0
A00042,B00693,0
A00506,B00291,0
A00040,B00886,0
A00373,B00070,0
A00561,B00123,0
A00281,B00061,0
A00486,B00546,0
A00135,B00318,0
A00025,B00565,0
A00241,B00094,0
A00025,B00036,0
A00557,B00129,0
A00381,B00958,0
A00215,B00782,0
A00994,B00314,0
A00251,B00136,0
A00221,B00003,0
A00263,B00766,0
A00467,B00865,0
A00335,B00532,0
A00128,B00454,0
A00104,B00275,0
A00394,B00359,0
A00677,B00897,0
A00211,B00248,0
A00434,B00083,0
A00239,B00466,0
A00782,B00448,0
A00344,B00833,0
A00665,B00188,0
A00758,B00231,0
A00708,B00508,0
A00834,B00394,0
A00538,B00305,0
A00962,B00623,0
A00744,B00777,0
A00617,B00335,0
A00287,B00836,0
A00404,B00715,0
A00782,B00818,0
A00315,B00850,0
A00575,B00739,0
A00069,B00209,0
A00825,B00045,0
A00634,B00494,0
A00052,B00568,0
A00305,B00797,0
A00776,B00116,0
A00776,B00384,0
A00940,B00043,0
A00982,B00782,0
A00183,B00743,0
A00229,B00974,0
A00425,B00705,0
A00208,B00688,0
A00816,B00596,0
A00749,B00985,0
A00639,B00913,0
A00107,B00833,0
A00940,B00741,0
A00474,B00388,0
A00020,B00971,0
A00918,B00887,0
A00925,B00067,0
A00754,B00613,0
A00463,B00743,0
A00676,B00036,0
A00977,B00170,0
A00085,B00365,0
A00679,B00789,0
A00369,B00228,0
A00975,B00915,0
A00594,B00438,0
A00402,B00357,0
A00790,B00496,0
A00947,B00073,0
A00360,B00420,0
A00222,B00415,0
A00020,B00736,0
A00606,B00221,0
A00982,B00527,0
A00373,B00306,0
A00425,B00225,0
A00610,B00030,0
A00664,B00340,0
A00535,B00235,0
A00675,B00715,0
A00547,B00588,0
A00702,B00820,0
A00828,B00323,0
A00595,B00123,0
A00546,B00866,0
A00241,B00361,0
A00434,B00667,0
A00691,B00822,0
A00948,B00701,0
A00256,B00055,0
A00699,B00759,0
A00998,B00670,0
A00113,B00538,0
A00326,B00755,0
A00840,B00936,0
A00513,B00151,0
A00892,B00450,0
A00826,B00570,0
A00134,B00494,0
A00552,B00717,0
A00103,B00726,0
A00368,B00488,0
A00815,B00769,0
A00385,B00678,0
A00411,B00011,0
A00972,B00709,0
A00203,B00123,0
A00221,B00459,0
A00967,B00596,0
A00243,B00694,0
A00188,B00100,0
A00188,B00675,0
A00211,B00803,0
A00895,B00294,0
A00313,B00165,0
A00836,B00319,0
A00191,B00011,0
A00808,B00363,0
A00997,B00430,0
A00570,B00293,0
A00773,B00201,0
A00981,B00917,0
A00657,B00386,0
A00551,B00667,0
A00331,B00694,0
A00996,B00296,0
A00913,B00353,0
A00079,B00201,0
A00048,B00741,0
A00068,B00276,0
A00653,B00336,0
A00799,B00519,0
A00877,B00377,0
A00319,B00510,0
A00986,B00953,0
A00873,B00733,0
A00592,B00852,0
A00753,B00670,0
A00130,B00433,0
A00728,B00234,0
A00436,B00750,0
A00431,B00839,0
A00022,B00271,0
A00139,B00549,0
A00409,B00149,0
A00619,B00452,0
A00863,B00703,0
A00892,B00948,0
A00058,B00778,0
A00500,B00294,0
A00180,B00391,0
A00628,B00731,0
A00728,B00008,0
A00188,B00605,0
A00036,B00726,0
A00275,B00615,0
A00565,B00151,0
A00127,B00624,0
A00382,B00523,0
A00038,B00465,0
A00615,B00504,0
A00771,B00857,0
A00372,B00111,0
A00698,B00366,0
A00242,B00452,0
A00385,B00107,0
A00476,B00816,0
A00699,B00399,0
A00007,B00424,0
A00941,B00321,0
A00441,B00141,0
A00846,B00060,0
A00621,B00174,0
A00951,B00517,0
A00279,B00090,0
A00141,B00946,0
A00836,B00512,0
A00425,B00293,0
A00876,B00616,0
A00825,B00213,0
A00256,B00399,0
A00409,B00449,0
A00749,B00124,0
A00196,B00381,0
A00885,B00405,0
A00923,B00806,0
A00722,B00532,0
A00577,B00905,0
A00062,B00848,0
A00559,B00847,0
A00126,B00026,0
A00836,B00488,0
A00807,B00727,0
A00360,B00320,0
A00702,B00336,0
A00843,B00164,0
A00135,B00721,0
A00280,B00315,0
A00077,B00617,0
A00022,B00156,0
A00865,B00191,0
A00346,B00326,0
A00645,B00441,0
A00951,B00049,0
A00097,B00201,0
A00060,B00300,0
A00139,B00779,0
A00720,B00672,0
A00231,B00247,0
A00664,B00708,0
A00672,B00529,0
A00472,B00152,0
A00220,B00691,0
A00575,B00553,0
A00660,B00519,0
A00908,B00803,0
A00846,B00966,0
A00160,B00540,0
A00275,B00015,0
A00936,B00302,0
A00579,B00116,0
A00004,B00678,0
A00132,B00407,0
A00816,B00736,0
A00078,B00858,0
A00942,B00897,0
A00365,B00861,0
A00173,B00993,0
A00000,B00693,0
A00727,B00982,0
A00324,B00187,0
A00101,B00829,0
A00124,B00430,0
A00470,B00050,0
A00738,B00038,0
A00525,B00772,0
A00484,B00184,0
A00102,B00422,0
A00464,B00033,0
A00310,B00714,0
A00232,B00972,0
A00897,B00097,0
A00966,B00546,0
A00476,B00390,0
A00880,B00960,0
A00928,B00248,0
A00197,B00112,0
A00456,B00462,0
A00748,B00375,0
A00052,B00834,0
A00999,B00431,0
A00477,B00863,0
A00027,B00135,0
A00774,B00014,0
A00111,B00751,0
A00200,B00750,0
A00238,B00045,0
A00097,B00257,0
A00111,B00963,0
A00764,B00404,0
A00198,B00025,0
A00820,B00160,0
A00210,B00546,0
A00685,B00855,0
A00635,B00288,0
A00082,B00182,0
A00326,B00366,0
A00966,B00706,0
A00945,B00185,0
A00147,B00728,0
A00362,B00141,0
A00417,B00377,0
A00550,B00430,0
A00194,B00454,0
A00355,B00111,0
A00391,B00103,0
A00898,B00410,0
A00320,B00570,0
A00192,B00368,0
A00374,B00988,0
A00935,B00145,0
A00303,B00930,0
A00417,B00251,0
A00991,B00296,0
A00042,B00442,0
A00748,B00720,0
A00407,B00567,0
A00197,B00897,0
A00254,B00619,0
A00491,B00946,0
A00750,B00903,0
A00488,B00408,0
A00983,B00755,0
A00593,B00273,0
A00321,B00993,0
A00260,B00228,0
A00831,B00438,0
A00791,B00057,0
A00892,B00421,0
A00926,B00234,0
A00371,B00431,0
A00862,B00318,0
A00499,B00281,0
A00745,B00025,0
A00915,B00517,0
A00877,B00172,0
A00485,B00031,0
A00830,B00307,0
A00279,B00647,0
A00050,B00086,0
A00609,B00726,0
A00826,B00966,0
A00890,B00570,0
A00037,B00537,0
A00208,B00888,0
A00024,B00739,0
A00580,B00660,0
A00505,B00570,0
A00589,B00969,0
A00864,B00502,0
A00543,B00003,0
A00711,B00431,0
A00868,B00928,0
A00334,B00964,0
A00128,B00227,0
A00500,B00081,0
A00988,B00083,0
A00800,B00580,0
A00961,B00950,0
A00990,B00372,0
A00225,B00259,0
A00502,B00627,0
A00476,B00823,0
A00145,B00650,0
A00180,B00400,0
A00511,B00351,0
A00731,B00831,0
A00022,B00696,0
A00880,B00675,0
A00233,B00733,0
A00568,B00226,0
A00548,B00204,0
A00707,B00331,0
A00592,B00312,0
A00097,B00406,0
A00023,B00776,0
A00488,B00668,0
A00013,B00575,0
A00073,B00853,0
A00222,B00642,0
A00360,B00660,0
A00993,B00470,0
A00035,B00835,0
A00280,B00480,0
A00601,B00451,0
A00952,B00072,0
A00711,B00128,0
A00923,B00523,0
A00504,B00284,0
A00789,B00437,0
A00499,B00671,0
A00034,B00174,0
A00366,B00606,0
A00399,B00936,0
A00722,B00547,0
A00801,B00840,0
A00677,B00710,0
A00799,B00794,0
A00345,B00903,0
A00127,B00751,0
A00369,B00518,0
A00399,B00299,0
A00338,B00158,0
A00543,B00756,0
A00478,B00458,0
A00939,B00996,0
A00290,B00570,0
A00728,B00752,0
A00338,B00409,0
A00248,B00447,0
A00062,B00226,0
A00211,B00857,0
A00830,B00667,0
A00079,B00864,0
A00093,B00433,0
A00949,B00995,0
A00960,B00325,0
A00841,B00108,0
A00890,B00959,0
A00995,B00515,0
A00989,B00104,0
A00721,B00516,0
A00019,B00677,0
A00794,B00602,0
A00063,B00842,0
A00951,B00779,0
A00624,B00564,0
A00043,B00441,0
A00651,B00682,0
A00535,B00215,0
A00623,B00701,0
A00066,B00324,0
A00959,B00439,0
A00364,B00292,0
A00503,B00557,0
A00234,B00331,0
A00239,B00141,0
A00868,B00628,0
A00288,B00612,0
A00805,B00167,0
A00248,B00607,0
A00859,B00962,0
A00078,B00958,0
A00953,B00071,0
A00854,B00760,0
A00951,B00451,0
A00965,B00205,0
A00340,B00358,0
A00887,B00870,0
A00761,B00322,0
A00737,B00877,0
A00772,B00827,0
A00558,B00800,0
A00506,B00406,0
A00111,B00062,0
A00138,B00878,0
A00316,B00388,0
A00606,B00906,0
A00807,B00987,0
A00168,B00182,0
A00825,B00309,0
A00103,B00223,0
A00489,B00168,0
A00537,B00523,0
A00463,B00063,0
A00911,B00146,0
A00479,B00023,0
A00653,B00767,0
A00597,B00477,0
A00006,B00046,0
A00514,B00805,0
A00353,B00625,0
A00916,B00756,0
A00558,B00612,0
A00023,B00810,0
A00580,B00292,0
A00412,B00972,0
A00048,B00479,0
A00587,B00827,0
A00088,B00428,0
A00340,B00140,0
A00256,B00057,0
A00156,B00527,0
A00856,B00041,0
A00754,B00761,0
A00040,B00775,0
A00716,B00649,0
A00164,B00629,0
A00630,B00810,0
A00367,B00222,0
A00711,B00624,0
A00600,B00320,0
A00261,B00764,0
A00664,B00724,0
A00026,B00106,0
A00743,B00791,0
A00208,B00719,0
A00223,B00003,0
A00469,B00664,0
A00772,B00401,0
A00483,B00823,0
A00479,B00670,0
A00802,B00356,0
A00585,B00598,0
A00691,B00811,0
A00701,B00041,0
A00994,B00734,0
A00089,B00049,0
A00713,B00493,0
A00394,B00853,0
A00042,B00469,0
A00846,B00990,0
A00640,B00909,0
A00801,B00261,0
A00081,B00450,0
A00570,B00350,0
A00599,B00945,0
A00978,B00523,0
A00465,B00508,0
A00835,B00268,0
A00229,B00929,0
A00228,B00906,0
A00155,B00445,0
A00163,B00827,0
A00407,B00670,0
A00960,B00831,0
A00111,B00218,0
A00749,B00129,0
A00875,B00407,0
A00811,B00291,0
A00817,B00121,0
A00830,B00111,0
A00797,B00592,0
A00457,B00818,0
A00515,B00444,0
A00571,B00594,0
A00570,B00199,0
A00871,B00571,0
A00094,B00403,0
A00237,B00164,0
A00367,B00389,0
A00940,B00080,0
A00750,B00301,0
A00731,B00291,0
A00120,B00323,0
A00448,B00288,0
A00431,B00450,0
A00223,B00661,0
A00213,B00200,0
A00347,B00587,0
A00975,B00747,0
A00740,B00460,0
A00674,B00495,0
A00198,B00545,0
A00105,B00525,0
A00976,B00316,0
A00641,B00061,0
A00406,B00524,0
A00252,B00196,0
A00296,B00113,0
A00323,B00343,0
A00849,B00844,0
A00211,B00368,0
A00895,B00298,0
A00142,B00584,0
A00249,B00722,0
A00352,B00392,0
A00605,B00648,0
A00659,B00660,0
A00976,B00495,0
A00038,B00981,0
A00926,B00406,0
A00601,B00319,0
A00644,B00924,0
A00762,B00188,0
A00941,B00307,0
A00520,B00577,0
A00764,B00249,0
A00887,B00539,0
A00672,B00732,0
A00651,B00251,0
A00376,B00306,0
A00287,B00578,0
A00244,B00484,0
A00327,B00747,0
A00380,B00804,0
A00142,B00408,0
A00153,B00993,0
A00284,B00035,0
A00966,B00604,0
A00037,B00177,0
A00885,B00124,0
A00854,B00083,0
A00621,B00057,0
A00535,B00617,0
A00040,B00180,0
A00020,B00986,0
A00743,B00764,0
A00206,B00503,0
A00575,B00570,0
A00313,B00556,0
A00903,B00050,0
A00432,B00099,0
A00449,B00561,0
A00921,B00986,0
A00102,B00216,0
A00367,B00201,0
A00442,B00971,0
A00885,B00045,0
A00594,B00498,0
A00765,B00018,0
A00270,B00959,0
A00010,B00411,0
A00753,B00673,0
A00558,B00736,0
A00487,B00996,0
A00520,B00584,0
A00474,B00793,0
A00880,B00260,0
A00000,B00253,0
A00841,B00913,0
A00468,B00707,0
A00189,B00089,0
A00963,B00545,0
A00142,B00167,0
A00109,B00723,0
A00241,B00350,0
A00344,B00244,0
A00252,B00784,0
A00343,B00859,0
A00328,B00266,0
A00553,B00754,0
A00869,B00380,0
A00826,B00067,0
A00549,B00425,0
A00512,B00712,0
A00353,B00773,0
A00359,B00059,0
A00564,B00032,0
A00352,B00871,0
A00615,B00693,0
A00610,B00070,0
A00565,B00295,0
A00878,B00941,0
A00873,B00823,0
A00538,B00638,0
A00949,B00201,0
A00534,B00223,0
A00859,B00688,0
A00324,B00404,0
A00958,B00003,0
A00235,B00264,0
A00656,B00567,0
A00801,B00419,0
A00813,B00262,0
A00756,B00416,0
A00072,B00659,0
A00555,B00255,0
A00299,B00684,0
A00485,B00385,0
A00406,B00816,0
A00221,B00399,0
A00894,B00199,0
A00267,B00887,0
A00258,B00042,0
A00889,B00632,0
A00658,B00765,0
A00058,B00287,0
A00054,B00214,0
A00922,B00211,0
A00136,B00453,0
A00212,B00092,0
A00213,B00332,0
A00734,B00623,0
A00596,B00456,0
A00559,B00568,0
A00396,B00444,0
A00511,B00667,0
A00791,B00436,0
A00417,B00057,0
A00556,B00922,0
A00930,B00155,0
A00569,B00475,0
A00050,B00427,0
A00595,B00824,0
A00497,B00085,0
A00802,B00550,0
A00287,B00204,0
A00040,B00820,0
A00829,B00251,0
A00423,B00495,0
A00434,B00067,0
A00042,B00618,0
A00307,B00267,0
A00626,B00879,0
A00925,B00205,0
A00682,B00575,0
A00346,B00446,0
A00932,B00362,0
A00605,B00149,0
A00439,B00345,0
A00199,B00739,0
A00362,B00747,0
A00304,B00655,0
A00312,B00921,0
A00558,B00897,0
A00301,B00236,0
A00387,B00501,0
A00616,B00286,0
A00525,B00535,0
A00970,B00810,0
A00533,B00853,0
A00459,B00419,0
A00094,B00072,0
A00255,B00415,0
A00195,B00129,0
A00803,B00965,0
A00013,B00933,0
A00351,B00471,0
A00749,B00255,0
A00254,B00982,0
A00051,B00621,0
A00241,B00931,0
A00451,B00863,0
A00768,B00628,0
A00498,B00810,0
A00785,B00080,0
A00298,B00698,0
A00294,B00210,0
A00136,B00916,0
A00249,B00536,0
A00232,B00382,0
A00620,B00160,0
A00700,B00560,0
A00923,B00063,0
A00313,B00322,0
A00066,B00618,0
A00522,B00202,0
A00328,B00288,0
A00390,B00780,0
A00734,B00336,0
A00881,B00660,0
A00827,B00087,0
A00213,B00878,0
A00284,B00112,0
A00974,B00564,0
A00580,B00708,0
A00974,B00201,0
A00247,B00447,0
A00042,B00708,0
A00250,B00274,0
A00988,B00608,0
A00926,B00222,0
A00292,B00212,0
A00559,B00144,0
A00915,B00295,0
A00273,B00024,0
A00393,B00033,0
A00351,B00863,0
A00995,B00489,0
A00192,B00725,0
A00672,B00738,0
A00624,B00209,0
A00164,B00850,0
A00859,B00741,0
A00362,B00522,0
A00272,B00461,0
A00805,B00125,0
A00527,B00400,0
A00627,B00536,0
A00140,B00514,0
A00339,B00162,0
A00319,B00235,0
A00356,B00845,0
A00157,B00004,0
A00888,B00567,0
A00724,B00258,0
A00684,B00044,0
A00615,B00803,0
A00384,B00044,0
A00260,B00905,0
A00095,B00471,0
A00315,B00436,0
A00014,B00070,0
A00381,B00030,0
A00309,B00449,0
A00421,B00387,0
A00988,B00882,0
A00939,B00779,0
