threshold,precision,recall,f1,false_positives
0.1,0.477326968973747,1.0,0.6462035541195477,219
0.2,0.5319148936170213,1.0,0.6944444444444444,176
0.3,0.5794117647058824,0.985,0.7296296296296296,143
0.4,0.6086956521739131,0.98,0.7509578544061303,126
0.5,0.6531986531986532,0.97,0.7806841046277666,103
0.6,0.6977611940298507,0.935,0.7991452991452992,81
0.7,0.728744939271255,0.9,0.8053691275167785,67
0.8,0.7685185185185185,0.83,0.7980769230769231,50
0.9,0.8227848101265823,0.65,0.7262569832402235,28
0.95,0.8640776699029126,0.445,0.5874587458745875,14
0.99,0.9428571428571428,0.165,0.28085106382978725,2
